﻿<?xml version="1.0" encoding="utf-8"?>
<abapGit version="v1.0.0" serializer="LCL_OBJECT_AVAS" serializer_version="v1.0.0">
 <asx:abap xmlns:asx="http://www.sap.com/abapxml" version="1.0">
  <asx:values>
   <AVAS>
    <HEADER>
     <GUID>FA163EF3EF3C1EEAB8F0E1A4BC3F75F9</GUID>
     <ATTRIBUTE>TABLE_LOGGING_REQUIREMENT</ATTRIBUTE>
     <OBJECT>
      <TROBJTYPE>TABL</TROBJTYPE>
      <SOBJ_NAME>YBC_SWS_REQUEST</SOBJ_NAME>
     </OBJECT>
    </HEADER>
    <VALUES>
     <CLS_VALUE_ASSIGNMENT>
      <VALUE>NOT_REQUIRED</VALUE>
      <ICON>@B6@</ICON>
      <REMARK>业务数据表，不需要更改日志</REMARK>
     </CLS_VALUE_ASSIGNMENT>
    </VALUES>
   </AVAS>
  </asx:values>
 </asx:abap>
</abapGit>
