﻿<?xml version="1.0" encoding="utf-8"?>
<abapGit version="v1.0.0" serializer="LCL_OBJECT_SICF" serializer_version="v1.0.0">
 <asx:abap xmlns:asx="http://www.sap.com/abapxml" version="1.0">
  <asx:values>
   <URL>/sap/opu/odata/sap/S4H100000000661/S4H100000000661/</URL>
   <ICFSERVICE>
    <ICF_NAME>S4H100000000661</ICF_NAME>
    <ICF_LANGU>1</ICF_LANGU>
    <PROTSEC>S</PROTSEC>
    <APPLCUSTFLAG>2</APPLCUSTFLAG>
    <ORIG_NAME>S4H100000000661</ORIG_NAME>
    <ICFALTNME>YBC_SWIFTSAP_SRV</ICFALTNME>
   </ICFSERVICE>
   <ICFDOCU>
    <ICF_NAME>S4H100000000661</ICF_NAME>
    <ICF_LANGU>1</ICF_LANGU>
    <ICF_DOCU>*No Description*</ICF_DOCU>
   </ICFDOCU>
   <ICFHANDLER_TABLE>
    <ICFHANDLER>
     <ICF_NAME>S4H100000000661</ICF_NAME>
     <ICFORDER>01</ICFORDER>
     <ICFTYP>A</ICFTYP>
     <ICFHANDLER>/IWFND/CL_SODATA_HTTP_HANDLER</ICFHANDLER>
    </ICFHANDLER>
   </ICFHANDLER_TABLE>
  </asx:values>
 </asx:abap>
</abapGit>
