﻿<?xml version="1.0" encoding="utf-8"?>
<abapGit version="v1.0.0" serializer="LCL_OBJECT_DTEL" serializer_version="v1.0.0">
 <asx:abap xmlns:asx="http://www.sap.com/abapxml" version="1.0">
  <asx:values>
   <DD04V>
    <ROLLNAME>YBC_SWS_FIELDTYPE</ROLLNAME>
    <DDLANGUAGE>1</DDLANGUAGE>
    <DOMNAME>YBCD_SWS_FIELDTYPE</DOMNAME>
    <HEADLEN>55</HEADLEN>
    <SCRLEN1>10</SCRLEN1>
    <SCRLEN2>20</SCRLEN2>
    <SCRLEN3>40</SCRLEN3>
    <DDTEXT>字段类型</DDTEXT>
    <REPTEXT>字段类型</REPTEXT>
    <SCRTEXT_S>字段类型</SCRTEXT_S>
    <SCRTEXT_M>字段类型</SCRTEXT_M>
    <SCRTEXT_L>字段类型</SCRTEXT_L>
    <DTELMASTER>1</DTELMASTER>
    <REFKIND>D</REFKIND>
   </DD04V>
   <I18N_LANGS>
    <LANGU>E</LANGU>
   </I18N_LANGS>
   <DD04_TEXTS>
    <item>
     <DDLANGUAGE>E</DDLANGUAGE>
     <DDTEXT>Field Type</DDTEXT>
     <REPTEXT>Field Type</REPTEXT>
     <SCRTEXT_S>Field Type</SCRTEXT_S>
     <SCRTEXT_M>Field Type</SCRTEXT_M>
     <SCRTEXT_L>Field Type</SCRTEXT_L>
    </item>
   </DD04_TEXTS>
  </asx:values>
 </asx:abap>
</abapGit>
