﻿<?xml version="1.0" encoding="utf-8"?>
<abapGit version="v1.0.0" serializer="LCL_OBJECT_DTEL" serializer_version="v1.0.0">
 <asx:abap xmlns:asx="http://www.sap.com/abapxml" version="1.0">
  <asx:values>
   <DD04V>
    <ROLLNAME>YBC_SWS_ANDOR</ROLLNAME>
    <DDLANGUAGE>1</DDLANGUAGE>
    <DOMNAME>YBCD_SWS_ANDOR</DOMNAME>
    <HEADLEN>55</HEADLEN>
    <SCRLEN1>10</SCRLEN1>
    <SCRLEN2>20</SCRLEN2>
    <SCRLEN3>40</SCRLEN3>
    <DDTEXT>与(And) 或者 或(Or)</DDTEXT>
    <REPTEXT>与(And) 或者 或(Or)</REPTEXT>
    <SCRTEXT_S>AndOr</SCRTEXT_S>
    <SCRTEXT_M>与(And) 或者 或(Or)</SCRTEXT_M>
    <SCRTEXT_L>与(And) 或者 或(Or)</SCRTEXT_L>
    <DTELMASTER>1</DTELMASTER>
    <REFKIND>D</REFKIND>
   </DD04V>
  </asx:values>
 </asx:abap>
</abapGit>
