﻿<?xml version="1.0" encoding="utf-8"?>
<abapGit version="v1.0.0" serializer="LCL_OBJECT_DTEL" serializer_version="v1.0.0">
 <asx:abap xmlns:asx="http://www.sap.com/abapxml" version="1.0">
  <asx:values>
   <DD04V>
    <ROLLNAME>YBC_SWS_DESCR</ROLLNAME>
    <DDLANGUAGE>1</DDLANGUAGE>
    <DOMNAME>TEXT255</DOMNAME>
    <HEADLEN>55</HEADLEN>
    <SCRLEN1>10</SCRLEN1>
    <SCRLEN2>20</SCRLEN2>
    <SCRLEN3>40</SCRLEN3>
    <DDTEXT>描述</DDTEXT>
    <REPTEXT>描述</REPTEXT>
    <SCRTEXT_S>描述</SCRTEXT_S>
    <SCRTEXT_M>描述</SCRTEXT_M>
    <SCRTEXT_L>描述</SCRTEXT_L>
    <DTELMASTER>E</DTELMASTER>
    <REFKIND>D</REFKIND>
   </DD04V>
  </asx:values>
 </asx:abap>
</abapGit>
