﻿<?xml version="1.0" encoding="utf-8"?>
<abapGit version="v1.0.0" serializer="LCL_OBJECT_FUGR" serializer_version="v1.0.0">
 <asx:abap xmlns:asx="http://www.sap.com/abapxml" version="1.0">
  <asx:values>
   <AREAT>用户操作</AREAT>
   <INCLUDES>
    <SOBJ_NAME>LYBC_SWS_USERTOP</SOBJ_NAME>
    <SOBJ_NAME>SAPLYBC_SWS_USER</SOBJ_NAME>
   </INCLUDES>
   <FUNCTIONS>
    <item>
     <FUNCNAME>YBC_SWS_LOGINORCHGPWD</FUNCNAME>
     <SHORT_TEXT>登陆或者修改密码</SHORT_TEXT>
     <IMPORT>
      <RSIMP>
       <PARAMETER>IV_USERNAME</PARAMETER>
       <TYP>TEXT100</TYP>
      </RSIMP>
      <RSIMP>
       <PARAMETER>IV_PASSWORD</PARAMETER>
       <TYP>TEXT100</TYP>
      </RSIMP>
      <RSIMP>
       <PARAMETER>IV_NEWPWD</PARAMETER>
       <OPTIONAL>X</OPTIONAL>
       <TYP>TEXT100</TYP>
      </RSIMP>
     </IMPORT>
     <EXPORT>
      <RSEXP>
       <PARAMETER>ES_USER</PARAMETER>
       <TYP>YBCS_SWS_USER</TYP>
      </RSEXP>
     </EXPORT>
     <DOCUMENTATION>
      <RSFDO>
       <PARAMETER>IV_USERNAME</PARAMETER>
       <KIND>P</KIND>
       <STEXT>文本 (100 个字符)</STEXT>
      </RSFDO>
      <RSFDO>
       <PARAMETER>IV_PASSWORD</PARAMETER>
       <KIND>P</KIND>
       <STEXT>文本 (100 个字符)</STEXT>
      </RSFDO>
      <RSFDO>
       <PARAMETER>IV_NEWPWD</PARAMETER>
       <KIND>P</KIND>
       <STEXT>文本 (100 个字符)</STEXT>
      </RSFDO>
      <RSFDO>
       <PARAMETER>ES_USER</PARAMETER>
       <KIND>P</KIND>
       <STEXT>SwiftSAP User Structure</STEXT>
      </RSFDO>
     </DOCUMENTATION>
    </item>
   </FUNCTIONS>
  </asx:values>
 </asx:abap>
</abapGit>
