﻿<?xml version="1.0" encoding="utf-8"?>
<abapGit version="v1.0.0" serializer="LCL_OBJECT_TOBJ" serializer_version="v1.0.0">
 <asx:abap xmlns:asx="http://www.sap.com/abapxml" version="1.0">
  <asx:values>
   <OBJH>
    <OBJECTNAME>YBC_SWS_SPRO</OBJECTNAME>
    <OBJECTTYPE>C</OBJECTTYPE>
    <CLIDEP>X</CLIDEP>
    <OBJCATEG>CUST</OBJCATEG>
    <OBJTRANSP>2</OBJTRANSP>
    <IMPORTABLE>3</IMPORTABLE>
   </OBJH>
   <OBJT>
    <LANGUAGE>1</LANGUAGE>
    <OBJECTNAME>YBC_SWS_SPRO</OBJECTNAME>
    <OBJECTTYPE>C</OBJECTTYPE>
    <DDTEXT>SwiftSAP 配置</DDTEXT>
   </OBJT>
   <OBJS>
    <OBJS>
     <OBJECTNAME>YBC_SWS_SPRO</OBJECTNAME>
     <OBJECTTYPE>C</OBJECTTYPE>
     <TABNAME>YBC_SWS_APP</TABNAME>
     <DDIC>X</DDIC>
    </OBJS>
    <OBJS>
     <OBJECTNAME>YBC_SWS_SPRO</OBJECTNAME>
     <OBJECTTYPE>C</OBJECTTYPE>
     <TABNAME>YBC_SWS_APP_ACT</TABNAME>
     <DDIC>X</DDIC>
    </OBJS>
    <OBJS>
     <OBJECTNAME>YBC_SWS_SPRO</OBJECTNAME>
     <OBJECTTYPE>C</OBJECTTYPE>
     <TABNAME>YBC_SWS_APP_CNFG</TABNAME>
     <DDIC>X</DDIC>
    </OBJS>
    <OBJS>
     <OBJECTNAME>YBC_SWS_SPRO</OBJECTNAME>
     <OBJECTTYPE>C</OBJECTTYPE>
     <TABNAME>YBC_SWS_CONTR</TABNAME>
     <DDIC>X</DDIC>
    </OBJS>
    <OBJS>
     <OBJECTNAME>YBC_SWS_SPRO</OBJECTNAME>
     <OBJECTTYPE>C</OBJECTTYPE>
     <TABNAME>YBC_SWS_TEMPL</TABNAME>
     <DDIC>X</DDIC>
    </OBJS>
    <OBJS>
     <OBJECTNAME>YBC_SWS_SPRO</OBJECTNAME>
     <OBJECTTYPE>C</OBJECTTYPE>
     <TABNAME>YBC_SWS_TEMPL_H</TABNAME>
     <DDIC>X</DDIC>
    </OBJS>
    <OBJS>
     <OBJECTNAME>YBC_SWS_SPRO</OBJECTNAME>
     <OBJECTTYPE>C</OBJECTTYPE>
     <TABNAME>YBC_SWS_TEMPL_I</TABNAME>
     <DDIC>X</DDIC>
    </OBJS>
    <OBJS>
     <OBJECTNAME>YBC_SWS_SPRO</OBJECTNAME>
     <OBJECTTYPE>C</OBJECTTYPE>
     <TABNAME>YBC_SWS_WF</TABNAME>
     <DDIC>X</DDIC>
    </OBJS>
    <OBJS>
     <OBJECTNAME>YBC_SWS_SPRO</OBJECTNAME>
     <OBJECTTYPE>C</OBJECTTYPE>
     <TABNAME>YBC_SWS_WF_01</TABNAME>
     <DDIC>X</DDIC>
    </OBJS>
    <OBJS>
     <OBJECTNAME>YBC_SWS_SPRO</OBJECTNAME>
     <OBJECTTYPE>C</OBJECTTYPE>
     <TABNAME>YBC_SWS_WF_CND</TABNAME>
     <DDIC>X</DDIC>
    </OBJS>
   </OBJS>
  </asx:values>
 </asx:abap>
</abapGit>
