﻿<?xml version="1.0" encoding="utf-8"?>
<abapGit version="v1.0.0" serializer="LCL_OBJECT_FUGR" serializer_version="v1.0.0">
 <asx:abap xmlns:asx="http://www.sap.com/abapxml" version="1.0">
  <asx:values>
   <AREAT>SwifSAP 工具包</AREAT>
   <INCLUDES>
    <SOBJ_NAME>LYBC_SWS_UTILESTOP</SOBJ_NAME>
    <SOBJ_NAME>SAPLYBC_SWS_UTILES</SOBJ_NAME>
   </INCLUDES>
   <FUNCTIONS>
    <item>
     <FUNCNAME>YBC_SWS_PO_REJECT</FUNCNAME>
     <REMOTE_CALL>R</REMOTE_CALL>
     <SHORT_TEXT>PO Reject</SHORT_TEXT>
     <IMPORT>
      <RSIMP>
       <PARAMETER>IV_EBELN</PARAMETER>
       <TYP>EBELN</TYP>
      </RSIMP>
     </IMPORT>
     <TABLES>
      <RSTBL>
       <PARAMETER>ET_RETURN</PARAMETER>
       <DBSTRUCT>BAPIRET2</DBSTRUCT>
       <OPTIONAL>X</OPTIONAL>
      </RSTBL>
     </TABLES>
     <DOCUMENTATION>
      <RSFDO>
       <PARAMETER>IV_EBELN</PARAMETER>
       <KIND>P</KIND>
       <STEXT>采购凭证编号</STEXT>
      </RSFDO>
      <RSFDO>
       <PARAMETER>ET_RETURN</PARAMETER>
       <KIND>P</KIND>
       <STEXT>返回参数</STEXT>
      </RSFDO>
     </DOCUMENTATION>
    </item>
    <item>
     <FUNCNAME>YBC_SWS_SEND_MAIL</FUNCNAME>
     <SHORT_TEXT>发送邮件</SHORT_TEXT>
     <IMPORT>
      <RSIMP>
       <PARAMETER>IS_MAIL</PARAMETER>
       <TYP>YBCS_SWS_MAIL</TYP>
      </RSIMP>
     </IMPORT>
     <EXPORT>
      <RSEXP>
       <PARAMETER>ES_MSG</PARAMETER>
       <TYP>BAPIRET2</TYP>
      </RSEXP>
     </EXPORT>
     <DOCUMENTATION>
      <RSFDO>
       <PARAMETER>IS_MAIL</PARAMETER>
       <KIND>P</KIND>
       <STEXT>邮件结构</STEXT>
      </RSFDO>
      <RSFDO>
       <PARAMETER>ES_MSG</PARAMETER>
       <KIND>P</KIND>
       <STEXT>返回参数</STEXT>
      </RSFDO>
     </DOCUMENTATION>
    </item>
   </FUNCTIONS>
  </asx:values>
 </asx:abap>
</abapGit>
