﻿<?xml version="1.0" encoding="utf-8"?>
<abapGit version="v1.0.0" serializer="LCL_OBJECT_DTEL" serializer_version="v1.0.0">
 <asx:abap xmlns:asx="http://www.sap.com/abapxml" version="1.0">
  <asx:values>
   <DD04V>
    <ROLLNAME>YBC_SWS_LANGU</ROLLNAME>
    <DDLANGUAGE>1</DDLANGUAGE>
    <DOMNAME>YBCDM_SWS_LANGU</DOMNAME>
    <HEADLEN>55</HEADLEN>
    <SCRLEN1>10</SCRLEN1>
    <SCRLEN2>20</SCRLEN2>
    <SCRLEN3>40</SCRLEN3>
    <DDTEXT>语言</DDTEXT>
    <REPTEXT>语言</REPTEXT>
    <SCRTEXT_S>语言</SCRTEXT_S>
    <SCRTEXT_M>语言</SCRTEXT_M>
    <SCRTEXT_L>语言</SCRTEXT_L>
    <DTELMASTER>1</DTELMASTER>
    <REFKIND>D</REFKIND>
   </DD04V>
   <I18N_LANGS>
    <LANGU>E</LANGU>
   </I18N_LANGS>
   <DD04_TEXTS>
    <item>
     <DDLANGUAGE>E</DDLANGUAGE>
     <DDTEXT>Language</DDTEXT>
    </item>
   </DD04_TEXTS>
  </asx:values>
 </asx:abap>
</abapGit>
