﻿<?xml version="1.0" encoding="utf-8"?>
<abapGit version="v1.0.0" serializer="LCL_OBJECT_TABL" serializer_version="v1.0.0">
 <asx:abap xmlns:asx="http://www.sap.com/abapxml" version="1.0">
  <asx:values>
   <DD02V>
    <TABNAME>YBC_SWS_WF_01</TABNAME>
    <DDLANGUAGE>1</DDLANGUAGE>
    <TABCLASS>TRANSP</TABCLASS>
    <CLIDEP>X</CLIDEP>
    <DDTEXT>SwiftSAP 审批人配置</DDTEXT>
    <MAINFLAG>X</MAINFLAG>
    <CONTFLAG>C</CONTFLAG>
   </DD02V>
   <DD09L>
    <TABNAME>YBC_SWS_WF_01</TABNAME>
    <AS4LOCAL>A</AS4LOCAL>
    <TABKAT>0</TABKAT>
    <TABART>APPL0</TABART>
    <PROTOKOLL>X</PROTOKOLL>
    <BUFALLOW>N</BUFALLOW>
   </DD09L>
   <DD03P_TABLE>
    <DD03P>
     <TABNAME>YBC_SWS_WF_01</TABNAME>
     <FIELDNAME>MANDT</FIELDNAME>
     <POSITION>0001</POSITION>
     <KEYFLAG>X</KEYFLAG>
     <ROLLNAME>MANDT</ROLLNAME>
     <ADMINFIELD>0</ADMINFIELD>
     <NOTNULL>X</NOTNULL>
     <COMPTYPE>E</COMPTYPE>
    </DD03P>
    <DD03P>
     <TABNAME>YBC_SWS_WF_01</TABNAME>
     <FIELDNAME>WFCONFID</FIELDNAME>
     <POSITION>0002</POSITION>
     <KEYFLAG>X</KEYFLAG>
     <ROLLNAME>YBC_SWS_WFCONFID</ROLLNAME>
     <CHECKTABLE>YBC_SWS_WF</CHECKTABLE>
     <ADMINFIELD>0</ADMINFIELD>
     <NOTNULL>X</NOTNULL>
     <SHLPORIGIN>P</SHLPORIGIN>
     <COMPTYPE>E</COMPTYPE>
    </DD03P>
    <DD03P>
     <TABNAME>YBC_SWS_WF_01</TABNAME>
     <FIELDNAME>APPLEVEL</FIELDNAME>
     <POSITION>0003</POSITION>
     <KEYFLAG>X</KEYFLAG>
     <ROLLNAME>YBC_SWS_APPLEVEL</ROLLNAME>
     <ADMINFIELD>0</ADMINFIELD>
     <NOTNULL>X</NOTNULL>
     <COMPTYPE>E</COMPTYPE>
    </DD03P>
    <DD03P>
     <TABNAME>YBC_SWS_WF_01</TABNAME>
     <FIELDNAME>WFCNDID</FIELDNAME>
     <POSITION>0004</POSITION>
     <KEYFLAG>X</KEYFLAG>
     <ROLLNAME>YBC_SWS_WFCNDID</ROLLNAME>
     <CHECKTABLE>YBC_SWS_WF_CND</CHECKTABLE>
     <ADMINFIELD>0</ADMINFIELD>
     <NOTNULL>X</NOTNULL>
     <SHLPORIGIN>P</SHLPORIGIN>
     <COMPTYPE>E</COMPTYPE>
    </DD03P>
    <DD03P>
     <TABNAME>YBC_SWS_WF_01</TABNAME>
     <FIELDNAME>APPLEVEL_DESC1</FIELDNAME>
     <POSITION>0005</POSITION>
     <ROLLNAME>YBC_SWS_DESCR</ROLLNAME>
     <ADMINFIELD>0</ADMINFIELD>
     <COMPTYPE>E</COMPTYPE>
    </DD03P>
    <DD03P>
     <TABNAME>YBC_SWS_WF_01</TABNAME>
     <FIELDNAME>APPLEVEL_DESC2</FIELDNAME>
     <POSITION>0006</POSITION>
     <ROLLNAME>YBC_SWS_DESCR</ROLLNAME>
     <ADMINFIELD>0</ADMINFIELD>
     <COMPTYPE>E</COMPTYPE>
    </DD03P>
    <DD03P>
     <TABNAME>YBC_SWS_WF_01</TABNAME>
     <FIELDNAME>APPLEVEL_DESC3</FIELDNAME>
     <POSITION>0007</POSITION>
     <ROLLNAME>YBC_SWS_DESCR</ROLLNAME>
     <ADMINFIELD>0</ADMINFIELD>
     <COMPTYPE>E</COMPTYPE>
    </DD03P>
    <DD03P>
     <TABNAME>YBC_SWS_WF_01</TABNAME>
     <FIELDNAME>FINISH_CNDID</FIELDNAME>
     <POSITION>0008</POSITION>
     <ROLLNAME>YBC_SWS_WFCNDID</ROLLNAME>
     <CHECKTABLE>YBC_SWS_WF_CND</CHECKTABLE>
     <ADMINFIELD>0</ADMINFIELD>
     <SHLPORIGIN>P</SHLPORIGIN>
     <COMPTYPE>E</COMPTYPE>
    </DD03P>
    <DD03P>
     <TABNAME>YBC_SWS_WF_01</TABNAME>
     <FIELDNAME>APPLEVEL_LAST</FIELDNAME>
     <POSITION>0009</POSITION>
     <ROLLNAME>YBC_SWS_APL_LAST</ROLLNAME>
     <ADMINFIELD>0</ADMINFIELD>
     <COMPTYPE>E</COMPTYPE>
    </DD03P>
    <DD03P>
     <TABNAME>YBC_SWS_WF_01</TABNAME>
     <FIELDNAME>COUNTERSIGN</FIELDNAME>
     <POSITION>0010</POSITION>
     <ROLLNAME>YBC_SWS_COUNTERSIGN</ROLLNAME>
     <ADMINFIELD>0</ADMINFIELD>
     <COMPTYPE>E</COMPTYPE>
    </DD03P>
    <DD03P>
     <TABNAME>YBC_SWS_WF_01</TABNAME>
     <FIELDNAME>APPUNIT</FIELDNAME>
     <POSITION>0011</POSITION>
     <ROLLNAME>YBC_SWS_APPUNIT</ROLLNAME>
     <ADMINFIELD>0</ADMINFIELD>
     <COMPTYPE>E</COMPTYPE>
    </DD03P>
    <DD03P>
     <TABNAME>YBC_SWS_WF_01</TABNAME>
     <FIELDNAME>APPPOSITION</FIELDNAME>
     <POSITION>0012</POSITION>
     <ROLLNAME>YBC_SWS_APPPOSITION</ROLLNAME>
     <ADMINFIELD>0</ADMINFIELD>
     <COMPTYPE>E</COMPTYPE>
    </DD03P>
    <DD03P>
     <TABNAME>YBC_SWS_WF_01</TABNAME>
     <FIELDNAME>APPUSER</FIELDNAME>
     <POSITION>0013</POSITION>
     <ROLLNAME>YBC_SWS_APPUSER</ROLLNAME>
     <ADMINFIELD>0</ADMINFIELD>
     <COMPTYPE>E</COMPTYPE>
    </DD03P>
    <DD03P>
     <TABNAME>YBC_SWS_WF_01</TABNAME>
     <FIELDNAME>APPROLE</FIELDNAME>
     <POSITION>0014</POSITION>
     <ROLLNAME>YBC_SWS_APPROLE</ROLLNAME>
     <ADMINFIELD>0</ADMINFIELD>
     <COMPTYPE>E</COMPTYPE>
    </DD03P>
   </DD03P_TABLE>
   <DD05M_TABLE>
    <DD05M>
     <TABNAME>YBC_SWS_WF_01</TABNAME>
     <FIELDNAME>FINISH_CNDID</FIELDNAME>
     <FORTABLE>YBC_SWS_WF_01</FORTABLE>
     <FORKEY>MANDT</FORKEY>
     <CHECKTABLE>YBC_SWS_WF_CND</CHECKTABLE>
     <CHECKFIELD>MANDT</CHECKFIELD>
     <PRIMPOS>0001</PRIMPOS>
     <DOMNAME>MANDT</DOMNAME>
     <DATATYPE>CLNT</DATATYPE>
     <LENG>000003</LENG>
    </DD05M>
    <DD05M>
     <TABNAME>YBC_SWS_WF_01</TABNAME>
     <FIELDNAME>FINISH_CNDID</FIELDNAME>
     <FORTABLE>YBC_SWS_WF_01</FORTABLE>
     <FORKEY>WFCONFID</FORKEY>
     <CHECKTABLE>YBC_SWS_WF_CND</CHECKTABLE>
     <CHECKFIELD>WFCONFID</CHECKFIELD>
     <PRIMPOS>0002</PRIMPOS>
     <DOMNAME>CHAR20</DOMNAME>
     <DATATYPE>CHAR</DATATYPE>
     <LENG>000020</LENG>
    </DD05M>
    <DD05M>
     <TABNAME>YBC_SWS_WF_01</TABNAME>
     <FIELDNAME>FINISH_CNDID</FIELDNAME>
     <FORTABLE>YBC_SWS_WF_01</FORTABLE>
     <FORKEY>FINISH_CNDID</FORKEY>
     <CHECKTABLE>YBC_SWS_WF_CND</CHECKTABLE>
     <CHECKFIELD>WFCNDID</CHECKFIELD>
     <PRIMPOS>0003</PRIMPOS>
     <DOMNAME>CHAR15</DOMNAME>
     <DATATYPE>CHAR</DATATYPE>
     <LENG>000015</LENG>
    </DD05M>
    <DD05M>
     <TABNAME>YBC_SWS_WF_01</TABNAME>
     <FIELDNAME>FINISH_CNDID</FIELDNAME>
     <FORTABLE>*</FORTABLE>
     <CHECKTABLE>YBC_SWS_WF_CND</CHECKTABLE>
     <CHECKFIELD>FIELD</CHECKFIELD>
     <PRIMPOS>0004</PRIMPOS>
     <DOMNAME>TEXT40</DOMNAME>
     <DATATYPE>CHAR</DATATYPE>
     <LENG>000040</LENG>
    </DD05M>
    <DD05M>
     <TABNAME>YBC_SWS_WF_01</TABNAME>
     <FIELDNAME>WFCNDID</FIELDNAME>
     <FORTABLE>YBC_SWS_WF_01</FORTABLE>
     <FORKEY>MANDT</FORKEY>
     <CHECKTABLE>YBC_SWS_WF_CND</CHECKTABLE>
     <CHECKFIELD>MANDT</CHECKFIELD>
     <PRIMPOS>0001</PRIMPOS>
     <DOMNAME>MANDT</DOMNAME>
     <DATATYPE>CLNT</DATATYPE>
     <LENG>000003</LENG>
    </DD05M>
    <DD05M>
     <TABNAME>YBC_SWS_WF_01</TABNAME>
     <FIELDNAME>WFCNDID</FIELDNAME>
     <FORTABLE>YBC_SWS_WF_01</FORTABLE>
     <FORKEY>WFCONFID</FORKEY>
     <CHECKTABLE>YBC_SWS_WF_CND</CHECKTABLE>
     <CHECKFIELD>WFCONFID</CHECKFIELD>
     <PRIMPOS>0002</PRIMPOS>
     <DOMNAME>CHAR20</DOMNAME>
     <DATATYPE>CHAR</DATATYPE>
     <LENG>000020</LENG>
    </DD05M>
    <DD05M>
     <TABNAME>YBC_SWS_WF_01</TABNAME>
     <FIELDNAME>WFCNDID</FIELDNAME>
     <FORTABLE>YBC_SWS_WF_01</FORTABLE>
     <FORKEY>WFCNDID</FORKEY>
     <CHECKTABLE>YBC_SWS_WF_CND</CHECKTABLE>
     <CHECKFIELD>WFCNDID</CHECKFIELD>
     <PRIMPOS>0003</PRIMPOS>
     <DOMNAME>CHAR15</DOMNAME>
     <DATATYPE>CHAR</DATATYPE>
     <LENG>000015</LENG>
    </DD05M>
    <DD05M>
     <TABNAME>YBC_SWS_WF_01</TABNAME>
     <FIELDNAME>WFCNDID</FIELDNAME>
     <FORTABLE>*</FORTABLE>
     <CHECKTABLE>YBC_SWS_WF_CND</CHECKTABLE>
     <CHECKFIELD>FIELD</CHECKFIELD>
     <PRIMPOS>0004</PRIMPOS>
     <DOMNAME>TEXT40</DOMNAME>
     <DATATYPE>CHAR</DATATYPE>
     <LENG>000040</LENG>
    </DD05M>
    <DD05M>
     <TABNAME>YBC_SWS_WF_01</TABNAME>
     <FIELDNAME>WFCONFID</FIELDNAME>
     <FORTABLE>YBC_SWS_WF_01</FORTABLE>
     <FORKEY>MANDT</FORKEY>
     <CHECKTABLE>YBC_SWS_WF</CHECKTABLE>
     <CHECKFIELD>MANDT</CHECKFIELD>
     <PRIMPOS>0001</PRIMPOS>
     <DOMNAME>MANDT</DOMNAME>
     <DATATYPE>CLNT</DATATYPE>
     <LENG>000003</LENG>
    </DD05M>
    <DD05M>
     <TABNAME>YBC_SWS_WF_01</TABNAME>
     <FIELDNAME>WFCONFID</FIELDNAME>
     <FORTABLE>YBC_SWS_WF_01</FORTABLE>
     <FORKEY>WFCONFID</FORKEY>
     <CHECKTABLE>YBC_SWS_WF</CHECKTABLE>
     <CHECKFIELD>WFCONFID</CHECKFIELD>
     <PRIMPOS>0002</PRIMPOS>
     <DOMNAME>CHAR20</DOMNAME>
     <DATATYPE>CHAR</DATATYPE>
     <LENG>000020</LENG>
    </DD05M>
   </DD05M_TABLE>
   <DD08V_TABLE>
    <DD08V>
     <TABNAME>YBC_SWS_WF_01</TABNAME>
     <FIELDNAME>FINISH_CNDID</FIELDNAME>
     <DDLANGUAGE>1</DDLANGUAGE>
     <CHECKTABLE>YBC_SWS_WF_CND</CHECKTABLE>
     <CLASFIELD>*</CLASFIELD>
    </DD08V>
    <DD08V>
     <TABNAME>YBC_SWS_WF_01</TABNAME>
     <FIELDNAME>WFCNDID</FIELDNAME>
     <DDLANGUAGE>1</DDLANGUAGE>
     <CHECKTABLE>YBC_SWS_WF_CND</CHECKTABLE>
     <CLASFIELD>*</CLASFIELD>
    </DD08V>
    <DD08V>
     <TABNAME>YBC_SWS_WF_01</TABNAME>
     <FIELDNAME>WFCONFID</FIELDNAME>
     <DDLANGUAGE>1</DDLANGUAGE>
     <CHECKTABLE>YBC_SWS_WF</CHECKTABLE>
    </DD08V>
   </DD08V_TABLE>
   <TABL_EXTRAS>
    <TDDAT>
     <TABNAME>YBC_SWS_WF_01</TABNAME>
     <CCLASS>&amp;NC&amp;</CCLASS>
    </TDDAT>
   </TABL_EXTRAS>
  </asx:values>
 </asx:abap>
</abapGit>
