﻿<?xml version="1.0" encoding="utf-8"?>
<abapGit version="v1.0.0" serializer="LCL_OBJECT_TABL" serializer_version="v1.0.0">
 <asx:abap xmlns:asx="http://www.sap.com/abapxml" version="1.0">
  <asx:values>
   <DD02V>
    <TABNAME>YBC_SWS_USER</TABNAME>
    <DDLANGUAGE>1</DDLANGUAGE>
    <TABCLASS>TRANSP</TABCLASS>
    <CLIDEP>X</CLIDEP>
    <DDTEXT>SWS 用户</DDTEXT>
    <MAINFLAG>X</MAINFLAG>
    <CONTFLAG>C</CONTFLAG>
   </DD02V>
   <DD09L>
    <TABNAME>YBC_SWS_USER</TABNAME>
    <AS4LOCAL>A</AS4LOCAL>
    <TABKAT>1</TABKAT>
    <TABART>APPL1</TABART>
    <BUFALLOW>N</BUFALLOW>
   </DD09L>
   <DD03P_TABLE>
    <DD03P>
     <TABNAME>YBC_SWS_USER</TABNAME>
     <FIELDNAME>MANDT</FIELDNAME>
     <POSITION>0001</POSITION>
     <KEYFLAG>X</KEYFLAG>
     <ROLLNAME>MANDT</ROLLNAME>
     <ADMINFIELD>0</ADMINFIELD>
     <NOTNULL>X</NOTNULL>
     <COMPTYPE>E</COMPTYPE>
    </DD03P>
    <DD03P>
     <TABNAME>YBC_SWS_USER</TABNAME>
     <FIELDNAME>USERID</FIELDNAME>
     <POSITION>0002</POSITION>
     <KEYFLAG>X</KEYFLAG>
     <ROLLNAME>YBC_SWS_USERID</ROLLNAME>
     <ADMINFIELD>0</ADMINFIELD>
     <NOTNULL>X</NOTNULL>
     <COMPTYPE>E</COMPTYPE>
    </DD03P>
    <DD03P>
     <TABNAME>YBC_SWS_USER</TABNAME>
     <FIELDNAME>EXTUSID</FIELDNAME>
     <POSITION>0003</POSITION>
     <ROLLNAME>YBC_SWS_EXTUSID</ROLLNAME>
     <ADMINFIELD>0</ADMINFIELD>
     <COMPTYPE>E</COMPTYPE>
    </DD03P>
    <DD03P>
     <TABNAME>YBC_SWS_USER</TABNAME>
     <FIELDNAME>SAPID</FIELDNAME>
     <POSITION>0004</POSITION>
     <ROLLNAME>YBC_SWS_SAPID</ROLLNAME>
     <ADMINFIELD>0</ADMINFIELD>
     <SHLPORIGIN>X</SHLPORIGIN>
     <COMPTYPE>E</COMPTYPE>
    </DD03P>
    <DD03P>
     <TABNAME>YBC_SWS_USER</TABNAME>
     <FIELDNAME>USERTY</FIELDNAME>
     <POSITION>0005</POSITION>
     <ROLLNAME>YBC_SWS_USERTY</ROLLNAME>
     <ADMINFIELD>0</ADMINFIELD>
     <VALEXI>X</VALEXI>
     <SHLPORIGIN>F</SHLPORIGIN>
     <COMPTYPE>E</COMPTYPE>
    </DD03P>
    <DD03P>
     <TABNAME>YBC_SWS_USER</TABNAME>
     <FIELDNAME>EMAIL</FIELDNAME>
     <POSITION>0006</POSITION>
     <ROLLNAME>YBC_SWS_EMAIL</ROLLNAME>
     <ADMINFIELD>0</ADMINFIELD>
     <COMPTYPE>E</COMPTYPE>
    </DD03P>
    <DD03P>
     <TABNAME>YBC_SWS_USER</TABNAME>
     <FIELDNAME>TEL</FIELDNAME>
     <POSITION>0007</POSITION>
     <ROLLNAME>YBC_SWS_TEL</ROLLNAME>
     <ADMINFIELD>0</ADMINFIELD>
     <COMPTYPE>E</COMPTYPE>
    </DD03P>
    <DD03P>
     <TABNAME>YBC_SWS_USER</TABNAME>
     <FIELDNAME>WECHAT</FIELDNAME>
     <POSITION>0008</POSITION>
     <ROLLNAME>YBC_SWS_WECHAT</ROLLNAME>
     <ADMINFIELD>0</ADMINFIELD>
     <COMPTYPE>E</COMPTYPE>
    </DD03P>
    <DD03P>
     <TABNAME>YBC_SWS_USER</TABNAME>
     <FIELDNAME>NAME1</FIELDNAME>
     <POSITION>0009</POSITION>
     <ROLLNAME>YBC_SWS_NAME1</ROLLNAME>
     <ADMINFIELD>0</ADMINFIELD>
     <COMPTYPE>E</COMPTYPE>
    </DD03P>
    <DD03P>
     <TABNAME>YBC_SWS_USER</TABNAME>
     <FIELDNAME>NAME2</FIELDNAME>
     <POSITION>0010</POSITION>
     <ROLLNAME>YBC_SWS_NAME2</ROLLNAME>
     <ADMINFIELD>0</ADMINFIELD>
     <COMPTYPE>E</COMPTYPE>
    </DD03P>
    <DD03P>
     <TABNAME>YBC_SWS_USER</TABNAME>
     <FIELDNAME>NAME3</FIELDNAME>
     <POSITION>0011</POSITION>
     <ROLLNAME>YBC_SWS_NAME3</ROLLNAME>
     <ADMINFIELD>0</ADMINFIELD>
     <COMPTYPE>E</COMPTYPE>
    </DD03P>
    <DD03P>
     <TABNAME>YBC_SWS_USER</TABNAME>
     <FIELDNAME>MAIL_LANGU</FIELDNAME>
     <POSITION>0012</POSITION>
     <ROLLNAME>YBC_SWS_LANGU</ROLLNAME>
     <ADMINFIELD>0</ADMINFIELD>
     <VALEXI>X</VALEXI>
     <SHLPORIGIN>F</SHLPORIGIN>
     <COMPTYPE>E</COMPTYPE>
    </DD03P>
    <DD03P>
     <TABNAME>YBC_SWS_USER</TABNAME>
     <FIELDNAME>FIELD1</FIELDNAME>
     <POSITION>0013</POSITION>
     <ROLLNAME>YBC_SWS_FIELD1</ROLLNAME>
     <ADMINFIELD>0</ADMINFIELD>
     <COMPTYPE>E</COMPTYPE>
    </DD03P>
    <DD03P>
     <TABNAME>YBC_SWS_USER</TABNAME>
     <FIELDNAME>FIELD2</FIELDNAME>
     <POSITION>0014</POSITION>
     <ROLLNAME>YBC_SWS_FIELD2</ROLLNAME>
     <ADMINFIELD>0</ADMINFIELD>
     <COMPTYPE>E</COMPTYPE>
    </DD03P>
    <DD03P>
     <TABNAME>YBC_SWS_USER</TABNAME>
     <FIELDNAME>FIELD3</FIELDNAME>
     <POSITION>0015</POSITION>
     <ROLLNAME>YBC_SWS_FIELD3</ROLLNAME>
     <ADMINFIELD>0</ADMINFIELD>
     <COMPTYPE>E</COMPTYPE>
    </DD03P>
    <DD03P>
     <TABNAME>YBC_SWS_USER</TABNAME>
     <FIELDNAME>PASSWORD</FIELDNAME>
     <POSITION>0016</POSITION>
     <ROLLNAME>YBC_SWS_PWD</ROLLNAME>
     <ADMINFIELD>0</ADMINFIELD>
     <COMPTYPE>E</COMPTYPE>
    </DD03P>
    <DD03P>
     <TABNAME>YBC_SWS_USER</TABNAME>
     <FIELDNAME>PWD_INIT</FIELDNAME>
     <POSITION>0017</POSITION>
     <ROLLNAME>YBC_SWS_PWD_INIT</ROLLNAME>
     <ADMINFIELD>0</ADMINFIELD>
     <VALEXI>X</VALEXI>
     <SHLPORIGIN>F</SHLPORIGIN>
     <COMPTYPE>E</COMPTYPE>
    </DD03P>
    <DD03P>
     <TABNAME>YBC_SWS_USER</TABNAME>
     <FIELDNAME>INACTIVE</FIELDNAME>
     <POSITION>0018</POSITION>
     <ROLLNAME>YBC_SWS_INACTIVE</ROLLNAME>
     <ADMINFIELD>0</ADMINFIELD>
     <VALEXI>X</VALEXI>
     <SHLPORIGIN>F</SHLPORIGIN>
     <COMPTYPE>E</COMPTYPE>
    </DD03P>
    <DD03P>
     <TABNAME>YBC_SWS_USER</TABNAME>
     <FIELDNAME>CRUSER</FIELDNAME>
     <POSITION>0019</POSITION>
     <ROLLNAME>ERNAM</ROLLNAME>
     <ADMINFIELD>0</ADMINFIELD>
     <COMPTYPE>E</COMPTYPE>
    </DD03P>
    <DD03P>
     <TABNAME>YBC_SWS_USER</TABNAME>
     <FIELDNAME>CRDATE</FIELDNAME>
     <POSITION>0020</POSITION>
     <ROLLNAME>ERSDA</ROLLNAME>
     <ADMINFIELD>0</ADMINFIELD>
     <SHLPORIGIN>T</SHLPORIGIN>
     <COMPTYPE>E</COMPTYPE>
    </DD03P>
    <DD03P>
     <TABNAME>YBC_SWS_USER</TABNAME>
     <FIELDNAME>CRTIME</FIELDNAME>
     <POSITION>0021</POSITION>
     <ROLLNAME>CR_TIME</ROLLNAME>
     <ADMINFIELD>0</ADMINFIELD>
     <SHLPORIGIN>T</SHLPORIGIN>
     <COMPTYPE>E</COMPTYPE>
    </DD03P>
    <DD03P>
     <TABNAME>YBC_SWS_USER</TABNAME>
     <FIELDNAME>LAUSER</FIELDNAME>
     <POSITION>0022</POSITION>
     <ROLLNAME>LAUSER</ROLLNAME>
     <ADMINFIELD>0</ADMINFIELD>
     <COMPTYPE>E</COMPTYPE>
    </DD03P>
    <DD03P>
     <TABNAME>YBC_SWS_USER</TABNAME>
     <FIELDNAME>LADATE</FIELDNAME>
     <POSITION>0023</POSITION>
     <ROLLNAME>LADATE</ROLLNAME>
     <ADMINFIELD>0</ADMINFIELD>
     <SHLPORIGIN>T</SHLPORIGIN>
     <COMPTYPE>E</COMPTYPE>
    </DD03P>
    <DD03P>
     <TABNAME>YBC_SWS_USER</TABNAME>
     <FIELDNAME>LATIME</FIELDNAME>
     <POSITION>0024</POSITION>
     <ROLLNAME>FC_TIME</ROLLNAME>
     <ADMINFIELD>0</ADMINFIELD>
     <SHLPORIGIN>T</SHLPORIGIN>
     <COMPTYPE>E</COMPTYPE>
    </DD03P>
   </DD03P_TABLE>
   <DD35V_TALE>
    <DD35V>
     <TABNAME>YBC_SWS_USER</TABNAME>
     <FIELDNAME>SAPID</FIELDNAME>
     <SHLPNAME>USER_COMP</SHLPNAME>
    </DD35V>
   </DD35V_TALE>
   <DD36M>
    <DD36M>
     <TABNAME>YBC_SWS_USER</TABNAME>
     <FIELDNAME>SAPID</FIELDNAME>
     <SHLPNAME>USER_COMP</SHLPNAME>
     <SHLPFIELD>ACCNT</SHLPFIELD>
     <FLPOSITION>0005</FLPOSITION>
     <SHTYPE>G</SHTYPE>
     <SHLPINPUT>X</SHLPINPUT>
     <ROLLNAME>XUACCNT</ROLLNAME>
     <DOMNAME>XUACCNT</DOMNAME>
     <DATATYPE>CHAR</DATATYPE>
     <LENG>000012</LENG>
    </DD36M>
    <DD36M>
     <TABNAME>YBC_SWS_USER</TABNAME>
     <FIELDNAME>SAPID</FIELDNAME>
     <SHLPNAME>USER_COMP</SHLPNAME>
     <SHLPFIELD>AGR_NAME</SHLPFIELD>
     <FLPOSITION>0007</FLPOSITION>
     <SHTYPE>G</SHTYPE>
     <SHLPINPUT>X</SHLPINPUT>
     <ROLLNAME>AGR_NAME</ROLLNAME>
     <DOMNAME>AGR_NAME</DOMNAME>
     <DATATYPE>CHAR</DATATYPE>
     <LENG>000030</LENG>
    </DD36M>
    <DD36M>
     <TABNAME>YBC_SWS_USER</TABNAME>
     <FIELDNAME>SAPID</FIELDNAME>
     <SHLPNAME>USER_COMP</SHLPNAME>
     <SHLPFIELD>BNAME</SHLPFIELD>
     <FLPOSITION>0011</FLPOSITION>
     <SHTABLE>YBC_SWS_USER</SHTABLE>
     <SHFIELD>SAPID</SHFIELD>
     <SHLPINPUT>X</SHLPINPUT>
     <SHLPOUTPUT>X</SHLPOUTPUT>
     <ROLLNAME>XUBNAME</ROLLNAME>
     <DOMNAME>XUBNAME</DOMNAME>
     <DATATYPE>CHAR</DATATYPE>
     <LENG>000012</LENG>
    </DD36M>
    <DD36M>
     <TABNAME>YBC_SWS_USER</TABNAME>
     <FIELDNAME>SAPID</FIELDNAME>
     <SHLPNAME>USER_COMP</SHLPNAME>
     <SHLPFIELD>CLASS</SHLPFIELD>
     <FLPOSITION>0004</FLPOSITION>
     <SHTYPE>G</SHTYPE>
     <SHLPINPUT>X</SHLPINPUT>
     <ROLLNAME>XUCLASS</ROLLNAME>
     <DOMNAME>XUCLASS</DOMNAME>
     <DATATYPE>CHAR</DATATYPE>
     <LENG>000012</LENG>
    </DD36M>
    <DD36M>
     <TABNAME>YBC_SWS_USER</TABNAME>
     <FIELDNAME>SAPID</FIELDNAME>
     <SHLPNAME>USER_COMP</SHLPNAME>
     <SHLPFIELD>FROM_DAT</SHLPFIELD>
     <FLPOSITION>0008</FLPOSITION>
     <SHTYPE>G</SHTYPE>
     <SHLPINPUT>X</SHLPINPUT>
     <ROLLNAME>AGR_FDATE</ROLLNAME>
     <DOMNAME>DATS</DOMNAME>
     <DATATYPE>DATS</DATATYPE>
     <LENG>000008</LENG>
    </DD36M>
    <DD36M>
     <TABNAME>YBC_SWS_USER</TABNAME>
     <FIELDNAME>SAPID</FIELDNAME>
     <SHLPNAME>USER_COMP</SHLPNAME>
     <SHLPFIELD>GLTGB</SHLPFIELD>
     <FLPOSITION>0002</FLPOSITION>
     <SHTYPE>G</SHTYPE>
     <SHLPINPUT>X</SHLPINPUT>
     <ROLLNAME>XUGLTGB</ROLLNAME>
     <DOMNAME>DATUM</DOMNAME>
     <DATATYPE>DATS</DATATYPE>
     <LENG>000008</LENG>
    </DD36M>
    <DD36M>
     <TABNAME>YBC_SWS_USER</TABNAME>
     <FIELDNAME>SAPID</FIELDNAME>
     <SHLPNAME>USER_COMP</SHLPNAME>
     <SHLPFIELD>GLTGV</SHLPFIELD>
     <FLPOSITION>0001</FLPOSITION>
     <SHTYPE>G</SHTYPE>
     <SHLPINPUT>X</SHLPINPUT>
     <ROLLNAME>XUGLTGV</ROLLNAME>
     <DOMNAME>DATUM</DOMNAME>
     <DATATYPE>DATS</DATATYPE>
     <LENG>000008</LENG>
    </DD36M>
    <DD36M>
     <TABNAME>YBC_SWS_USER</TABNAME>
     <FIELDNAME>SAPID</FIELDNAME>
     <SHLPNAME>USER_COMP</SHLPNAME>
     <SHLPFIELD>PROFILE</SHLPFIELD>
     <FLPOSITION>0006</FLPOSITION>
     <SHTYPE>G</SHTYPE>
     <SHLPINPUT>X</SHLPINPUT>
     <ROLLNAME>XUPROFILE</ROLLNAME>
     <DOMNAME>XUPROFILE</DOMNAME>
     <DATATYPE>CHAR</DATATYPE>
     <LENG>000012</LENG>
    </DD36M>
    <DD36M>
     <TABNAME>YBC_SWS_USER</TABNAME>
     <FIELDNAME>SAPID</FIELDNAME>
     <SHLPNAME>USER_COMP</SHLPNAME>
     <SHLPFIELD>RESPONSIBLE</SHLPFIELD>
     <FLPOSITION>0013</FLPOSITION>
     <SHTYPE>G</SHTYPE>
     <SHLPINPUT>X</SHLPINPUT>
     <ROLLNAME>SUIDRESPONSIBLE</ROLLNAME>
     <DOMNAME>XUBNAME</DOMNAME>
     <DATATYPE>CHAR</DATATYPE>
     <LENG>000012</LENG>
    </DD36M>
    <DD36M>
     <TABNAME>YBC_SWS_USER</TABNAME>
     <FIELDNAME>SAPID</FIELDNAME>
     <SHLPNAME>USER_COMP</SHLPNAME>
     <SHLPFIELD>SUBSYSTEM</SHLPFIELD>
     <FLPOSITION>0012</FLPOSITION>
     <SHTYPE>G</SHTYPE>
     <SHLPINPUT>X</SHLPINPUT>
     <ROLLNAME>RFCRCVSYS</ROLLNAME>
     <DOMNAME>LOGSYS</DOMNAME>
     <DATATYPE>CHAR</DATATYPE>
     <LENG>000010</LENG>
    </DD36M>
    <DD36M>
     <TABNAME>YBC_SWS_USER</TABNAME>
     <FIELDNAME>SAPID</FIELDNAME>
     <SHLPNAME>USER_COMP</SHLPNAME>
     <SHLPFIELD>TECHDESC</SHLPFIELD>
     <FLPOSITION>0014</FLPOSITION>
     <SHTYPE>G</SHTYPE>
     <SHLPINPUT>X</SHLPINPUT>
     <ROLLNAME>SUIDTECHDESC</ROLLNAME>
     <DOMNAME>SUIDTECHDESC</DOMNAME>
     <DATATYPE>CHAR</DATATYPE>
     <LENG>000080</LENG>
    </DD36M>
    <DD36M>
     <TABNAME>YBC_SWS_USER</TABNAME>
     <FIELDNAME>SAPID</FIELDNAME>
     <SHLPNAME>USER_COMP</SHLPNAME>
     <SHLPFIELD>TO_DAT</SHLPFIELD>
     <FLPOSITION>0009</FLPOSITION>
     <SHTYPE>G</SHTYPE>
     <SHLPINPUT>X</SHLPINPUT>
     <ROLLNAME>AGR_TDATE</ROLLNAME>
     <DOMNAME>DATS</DOMNAME>
     <DATATYPE>DATS</DATATYPE>
     <LENG>000008</LENG>
    </DD36M>
    <DD36M>
     <TABNAME>YBC_SWS_USER</TABNAME>
     <FIELDNAME>SAPID</FIELDNAME>
     <SHLPNAME>USER_COMP</SHLPNAME>
     <SHLPFIELD>USERGROUP</SHLPFIELD>
     <FLPOSITION>0010</FLPOSITION>
     <SHTYPE>G</SHTYPE>
     <SHLPINPUT>X</SHLPINPUT>
     <ROLLNAME>XUCLASS</ROLLNAME>
     <DOMNAME>XUCLASS</DOMNAME>
     <DATATYPE>CHAR</DATATYPE>
     <LENG>000012</LENG>
    </DD36M>
    <DD36M>
     <TABNAME>YBC_SWS_USER</TABNAME>
     <FIELDNAME>SAPID</FIELDNAME>
     <SHLPNAME>USER_COMP</SHLPNAME>
     <SHLPFIELD>USTYP</SHLPFIELD>
     <FLPOSITION>0003</FLPOSITION>
     <SHTYPE>G</SHTYPE>
     <SHLPINPUT>X</SHLPINPUT>
     <ROLLNAME>XUUSTYP</ROLLNAME>
     <DOMNAME>XUUSTYP</DOMNAME>
     <DATATYPE>CHAR</DATATYPE>
     <LENG>000001</LENG>
    </DD36M>
   </DD36M>
   <TABL_EXTRAS>
    <TDDAT>
     <TABNAME>YBC_SWS_USER</TABNAME>
     <CCLASS>&amp;NC&amp;</CCLASS>
    </TDDAT>
   </TABL_EXTRAS>
  </asx:values>
 </asx:abap>
</abapGit>
