﻿<?xml version="1.0" encoding="utf-8"?>
<abapGit version="v1.0.0" serializer="LCL_OBJECT_TABL" serializer_version="v1.0.0">
 <asx:abap xmlns:asx="http://www.sap.com/abapxml" version="1.0">
  <asx:values>
   <DD02V>
    <TABNAME>YBCS_SWS_REQUEST</TABNAME>
    <DDLANGUAGE>1</DDLANGUAGE>
    <TABCLASS>INTTAB</TABCLASS>
    <DDTEXT>SwiftSAP Request Structure</DDTEXT>
   </DD02V>
   <DD03P_TABLE>
    <DD03P>
     <TABNAME>YBCS_SWS_REQUEST</TABNAME>
     <FIELDNAME>REQUESTID</FIELDNAME>
     <DDLANGUAGE>1</DDLANGUAGE>
     <POSITION>0001</POSITION>
     <ADMINFIELD>0</ADMINFIELD>
     <INTTYPE>g</INTTYPE>
     <INTLEN>000008</INTLEN>
     <DATATYPE>STRG</DATATYPE>
     <MASK>  STRG</MASK>
     <DDTEXT>Request ID</DDTEXT>
    </DD03P>
    <DD03P>
     <TABNAME>YBCS_SWS_REQUEST</TABNAME>
     <FIELDNAME>APPROVERID</FIELDNAME>
     <DDLANGUAGE>1</DDLANGUAGE>
     <POSITION>0002</POSITION>
     <ADMINFIELD>0</ADMINFIELD>
     <INTTYPE>g</INTTYPE>
     <INTLEN>000008</INTLEN>
     <DATATYPE>STRG</DATATYPE>
     <MASK>  STRG</MASK>
     <DDTEXT>Approver ID</DDTEXT>
    </DD03P>
    <DD03P>
     <TABNAME>YBCS_SWS_REQUEST</TABNAME>
     <FIELDNAME>APPLEVEL</FIELDNAME>
     <DDLANGUAGE>1</DDLANGUAGE>
     <POSITION>0003</POSITION>
     <ADMINFIELD>0</ADMINFIELD>
     <INTTYPE>g</INTTYPE>
     <INTLEN>000008</INTLEN>
     <DATATYPE>STRG</DATATYPE>
     <MASK>  STRG</MASK>
     <DDTEXT>Approve Level</DDTEXT>
    </DD03P>
    <DD03P>
     <TABNAME>YBCS_SWS_REQUEST</TABNAME>
     <FIELDNAME>APPLEVEL_DESC1</FIELDNAME>
     <DDLANGUAGE>1</DDLANGUAGE>
     <POSITION>0004</POSITION>
     <ADMINFIELD>0</ADMINFIELD>
     <INTTYPE>g</INTTYPE>
     <INTLEN>000008</INTLEN>
     <DATATYPE>STRG</DATATYPE>
     <MASK>  STRG</MASK>
     <DDTEXT>Approve Level Desc ZH</DDTEXT>
    </DD03P>
    <DD03P>
     <TABNAME>YBCS_SWS_REQUEST</TABNAME>
     <FIELDNAME>APPLEVEL_DESC2</FIELDNAME>
     <DDLANGUAGE>1</DDLANGUAGE>
     <POSITION>0005</POSITION>
     <ADMINFIELD>0</ADMINFIELD>
     <INTTYPE>g</INTTYPE>
     <INTLEN>000008</INTLEN>
     <DATATYPE>STRG</DATATYPE>
     <MASK>  STRG</MASK>
     <DDTEXT>Approve Level Desc EN</DDTEXT>
    </DD03P>
    <DD03P>
     <TABNAME>YBCS_SWS_REQUEST</TABNAME>
     <FIELDNAME>APPLEVEL_DESC3</FIELDNAME>
     <DDLANGUAGE>1</DDLANGUAGE>
     <POSITION>0006</POSITION>
     <ADMINFIELD>0</ADMINFIELD>
     <INTTYPE>g</INTTYPE>
     <INTLEN>000008</INTLEN>
     <DATATYPE>STRG</DATATYPE>
     <MASK>  STRG</MASK>
     <DDTEXT>Approve Level Desc OT</DDTEXT>
    </DD03P>
    <DD03P>
     <TABNAME>YBCS_SWS_REQUEST</TABNAME>
     <FIELDNAME>APPID</FIELDNAME>
     <DDLANGUAGE>1</DDLANGUAGE>
     <POSITION>0007</POSITION>
     <ADMINFIELD>0</ADMINFIELD>
     <INTTYPE>g</INTTYPE>
     <INTLEN>000008</INTLEN>
     <DATATYPE>STRG</DATATYPE>
     <MASK>  STRG</MASK>
     <DDTEXT>Application ID</DDTEXT>
    </DD03P>
    <DD03P>
     <TABNAME>YBCS_SWS_REQUEST</TABNAME>
     <FIELDNAME>SEQNO</FIELDNAME>
     <DDLANGUAGE>1</DDLANGUAGE>
     <POSITION>0008</POSITION>
     <ADMINFIELD>0</ADMINFIELD>
     <INTTYPE>g</INTTYPE>
     <INTLEN>000008</INTLEN>
     <DATATYPE>STRG</DATATYPE>
     <MASK>  STRG</MASK>
     <DDTEXT>Sequence No</DDTEXT>
    </DD03P>
    <DD03P>
     <TABNAME>YBCS_SWS_REQUEST</TABNAME>
     <FIELDNAME>UUID</FIELDNAME>
     <DDLANGUAGE>1</DDLANGUAGE>
     <POSITION>0009</POSITION>
     <ADMINFIELD>0</ADMINFIELD>
     <INTTYPE>g</INTTYPE>
     <INTLEN>000008</INTLEN>
     <DATATYPE>STRG</DATATYPE>
     <MASK>  STRG</MASK>
     <DDTEXT>UUID</DDTEXT>
    </DD03P>
    <DD03P>
     <TABNAME>YBCS_SWS_REQUEST</TABNAME>
     <FIELDNAME>BUSINESSID</FIELDNAME>
     <DDLANGUAGE>1</DDLANGUAGE>
     <POSITION>0010</POSITION>
     <ADMINFIELD>0</ADMINFIELD>
     <INTTYPE>g</INTTYPE>
     <INTLEN>000008</INTLEN>
     <DATATYPE>STRG</DATATYPE>
     <MASK>  STRG</MASK>
     <DDTEXT>Business ID</DDTEXT>
    </DD03P>
    <DD03P>
     <TABNAME>YBCS_SWS_REQUEST</TABNAME>
     <FIELDNAME>CATEGORY1</FIELDNAME>
     <DDLANGUAGE>1</DDLANGUAGE>
     <POSITION>0011</POSITION>
     <ADMINFIELD>0</ADMINFIELD>
     <INTTYPE>g</INTTYPE>
     <INTLEN>000008</INTLEN>
     <DATATYPE>STRG</DATATYPE>
     <MASK>  STRG</MASK>
     <DDTEXT>Category</DDTEXT>
    </DD03P>
    <DD03P>
     <TABNAME>YBCS_SWS_REQUEST</TABNAME>
     <FIELDNAME>CATEGORY2</FIELDNAME>
     <DDLANGUAGE>1</DDLANGUAGE>
     <POSITION>0012</POSITION>
     <ADMINFIELD>0</ADMINFIELD>
     <INTTYPE>g</INTTYPE>
     <INTLEN>000008</INTLEN>
     <DATATYPE>STRG</DATATYPE>
     <MASK>  STRG</MASK>
     <DDTEXT>Category</DDTEXT>
    </DD03P>
    <DD03P>
     <TABNAME>YBCS_SWS_REQUEST</TABNAME>
     <FIELDNAME>CATEGORY3</FIELDNAME>
     <DDLANGUAGE>1</DDLANGUAGE>
     <POSITION>0013</POSITION>
     <ADMINFIELD>0</ADMINFIELD>
     <INTTYPE>g</INTTYPE>
     <INTLEN>000008</INTLEN>
     <DATATYPE>STRG</DATATYPE>
     <MASK>  STRG</MASK>
     <DDTEXT>Category</DDTEXT>
    </DD03P>
    <DD03P>
     <TABNAME>YBCS_SWS_REQUEST</TABNAME>
     <FIELDNAME>SUBCATEGORY1</FIELDNAME>
     <DDLANGUAGE>1</DDLANGUAGE>
     <POSITION>0014</POSITION>
     <ADMINFIELD>0</ADMINFIELD>
     <INTTYPE>g</INTTYPE>
     <INTLEN>000008</INTLEN>
     <DATATYPE>STRG</DATATYPE>
     <MASK>  STRG</MASK>
     <DDTEXT>SubCategory</DDTEXT>
    </DD03P>
    <DD03P>
     <TABNAME>YBCS_SWS_REQUEST</TABNAME>
     <FIELDNAME>SUBCATEGORY2</FIELDNAME>
     <DDLANGUAGE>1</DDLANGUAGE>
     <POSITION>0015</POSITION>
     <ADMINFIELD>0</ADMINFIELD>
     <INTTYPE>g</INTTYPE>
     <INTLEN>000008</INTLEN>
     <DATATYPE>STRG</DATATYPE>
     <MASK>  STRG</MASK>
     <DDTEXT>SubCategory</DDTEXT>
    </DD03P>
    <DD03P>
     <TABNAME>YBCS_SWS_REQUEST</TABNAME>
     <FIELDNAME>SUBCATEGORY3</FIELDNAME>
     <DDLANGUAGE>1</DDLANGUAGE>
     <POSITION>0016</POSITION>
     <ADMINFIELD>0</ADMINFIELD>
     <INTTYPE>g</INTTYPE>
     <INTLEN>000008</INTLEN>
     <DATATYPE>STRG</DATATYPE>
     <MASK>  STRG</MASK>
     <DDTEXT>SubCategory</DDTEXT>
    </DD03P>
    <DD03P>
     <TABNAME>YBCS_SWS_REQUEST</TABNAME>
     <FIELDNAME>SUBJECT1</FIELDNAME>
     <DDLANGUAGE>1</DDLANGUAGE>
     <POSITION>0017</POSITION>
     <ADMINFIELD>0</ADMINFIELD>
     <INTTYPE>g</INTTYPE>
     <INTLEN>000008</INTLEN>
     <DATATYPE>STRG</DATATYPE>
     <MASK>  STRG</MASK>
     <DDTEXT>Subject</DDTEXT>
    </DD03P>
    <DD03P>
     <TABNAME>YBCS_SWS_REQUEST</TABNAME>
     <FIELDNAME>SUBJECT2</FIELDNAME>
     <DDLANGUAGE>1</DDLANGUAGE>
     <POSITION>0018</POSITION>
     <ADMINFIELD>0</ADMINFIELD>
     <INTTYPE>g</INTTYPE>
     <INTLEN>000008</INTLEN>
     <DATATYPE>STRG</DATATYPE>
     <MASK>  STRG</MASK>
     <DDTEXT>Subject</DDTEXT>
    </DD03P>
    <DD03P>
     <TABNAME>YBCS_SWS_REQUEST</TABNAME>
     <FIELDNAME>SUBJECT3</FIELDNAME>
     <DDLANGUAGE>1</DDLANGUAGE>
     <POSITION>0019</POSITION>
     <ADMINFIELD>0</ADMINFIELD>
     <INTTYPE>g</INTTYPE>
     <INTLEN>000008</INTLEN>
     <DATATYPE>STRG</DATATYPE>
     <MASK>  STRG</MASK>
     <DDTEXT>Subject</DDTEXT>
    </DD03P>
    <DD03P>
     <TABNAME>YBCS_SWS_REQUEST</TABNAME>
     <FIELDNAME>MOD</FIELDNAME>
     <DDLANGUAGE>1</DDLANGUAGE>
     <POSITION>0020</POSITION>
     <ADMINFIELD>0</ADMINFIELD>
     <INTTYPE>g</INTTYPE>
     <INTLEN>000008</INTLEN>
     <DATATYPE>STRG</DATATYPE>
     <MASK>  STRG</MASK>
     <DDTEXT>New/Cancel</DDTEXT>
    </DD03P>
    <DD03P>
     <TABNAME>YBCS_SWS_REQUEST</TABNAME>
     <FIELDNAME>USERID</FIELDNAME>
     <DDLANGUAGE>1</DDLANGUAGE>
     <POSITION>0021</POSITION>
     <ADMINFIELD>0</ADMINFIELD>
     <INTTYPE>g</INTTYPE>
     <INTLEN>000008</INTLEN>
     <DATATYPE>STRG</DATATYPE>
     <MASK>  STRG</MASK>
     <DDTEXT>Linked to Request Creator ID</DDTEXT>
    </DD03P>
    <DD03P>
     <TABNAME>YBCS_SWS_REQUEST</TABNAME>
     <FIELDNAME>STATUS</FIELDNAME>
     <DDLANGUAGE>1</DDLANGUAGE>
     <POSITION>0022</POSITION>
     <ADMINFIELD>0</ADMINFIELD>
     <INTTYPE>g</INTTYPE>
     <INTLEN>000008</INTLEN>
     <DATATYPE>STRG</DATATYPE>
     <MASK>  STRG</MASK>
     <DDTEXT>Status</DDTEXT>
    </DD03P>
    <DD03P>
     <TABNAME>YBCS_SWS_REQUEST</TABNAME>
     <FIELDNAME>MESSAGE</FIELDNAME>
     <DDLANGUAGE>1</DDLANGUAGE>
     <POSITION>0023</POSITION>
     <ADMINFIELD>0</ADMINFIELD>
     <INTTYPE>g</INTTYPE>
     <INTLEN>000008</INTLEN>
     <DATATYPE>STRG</DATATYPE>
     <MASK>  STRG</MASK>
     <DDTEXT>Message</DDTEXT>
    </DD03P>
    <DD03P>
     <TABNAME>YBCS_SWS_REQUEST</TABNAME>
     <FIELDNAME>LASTPROCDT</FIELDNAME>
     <DDLANGUAGE>1</DDLANGUAGE>
     <POSITION>0024</POSITION>
     <ADMINFIELD>0</ADMINFIELD>
     <INTTYPE>g</INTTYPE>
     <INTLEN>000008</INTLEN>
     <DATATYPE>STRG</DATATYPE>
     <MASK>  STRG</MASK>
     <DDTEXT>Last Process Datetime</DDTEXT>
    </DD03P>
    <DD03P>
     <TABNAME>YBCS_SWS_REQUEST</TABNAME>
     <FIELDNAME>CDATETIME</FIELDNAME>
     <DDLANGUAGE>1</DDLANGUAGE>
     <POSITION>0025</POSITION>
     <ADMINFIELD>0</ADMINFIELD>
     <INTTYPE>g</INTTYPE>
     <INTLEN>000008</INTLEN>
     <DATATYPE>STRG</DATATYPE>
     <MASK>  STRG</MASK>
     <DDTEXT>Create Datetime</DDTEXT>
    </DD03P>
    <DD03P>
     <TABNAME>YBCS_SWS_REQUEST</TABNAME>
     <FIELDNAME>FLAG_UPLOAD</FIELDNAME>
     <DDLANGUAGE>1</DDLANGUAGE>
     <POSITION>0026</POSITION>
     <ADMINFIELD>0</ADMINFIELD>
     <INTTYPE>g</INTTYPE>
     <INTLEN>000008</INTLEN>
     <DATATYPE>STRG</DATATYPE>
     <MASK>  STRG</MASK>
     <DDTEXT>Upload Attach Flag</DDTEXT>
    </DD03P>
   </DD03P_TABLE>
  </asx:values>
 </asx:abap>
</abapGit>
