﻿<?xml version="1.0" encoding="utf-8"?>
<abapGit version="v1.0.0" serializer="LCL_OBJECT_TABL" serializer_version="v1.0.0">
 <asx:abap xmlns:asx="http://www.sap.com/abapxml" version="1.0">
  <asx:values>
   <DD02V>
    <TABNAME>YBCS_SWS_ITEM_I</TABNAME>
    <DDLANGUAGE>1</DDLANGUAGE>
    <TABCLASS>INTTAB</TABCLASS>
    <DDTEXT>行项目表行信息</DDTEXT>
   </DD02V>
   <DD03P_TABLE>
    <DD03P>
     <TABNAME>YBCS_SWS_ITEM_I</TABNAME>
     <FIELDNAME>ITEM</FIELDNAME>
     <POSITION>0001</POSITION>
     <ROLLNAME>TEXT10</ROLLNAME>
     <ADMINFIELD>0</ADMINFIELD>
     <COMPTYPE>E</COMPTYPE>
    </DD03P>
    <DD03P>
     <TABNAME>YBCS_SWS_ITEM_I</TABNAME>
     <FIELDNAME>FIELD</FIELDNAME>
     <POSITION>0002</POSITION>
     <ROLLNAME>TEXT40</ROLLNAME>
     <ADMINFIELD>0</ADMINFIELD>
     <COMPTYPE>E</COMPTYPE>
    </DD03P>
    <DD03P>
     <TABNAME>YBCS_SWS_ITEM_I</TABNAME>
     <FIELDNAME>VALUE</FIELDNAME>
     <POSITION>0003</POSITION>
     <ROLLNAME>TEXT1000</ROLLNAME>
     <ADMINFIELD>0</ADMINFIELD>
     <COMPTYPE>E</COMPTYPE>
    </DD03P>
   </DD03P_TABLE>
  </asx:values>
 </asx:abap>
</abapGit>
