﻿<?xml version="1.0" encoding="utf-8"?>
<abapGit version="v1.0.0" serializer="LCL_OBJECT_TABL" serializer_version="v1.0.0">
 <asx:abap xmlns:asx="http://www.sap.com/abapxml" version="1.0">
  <asx:values>
   <DD02V>
    <TABNAME>YBCS_SWS_REQJSON</TABNAME>
    <DDLANGUAGE>1</DDLANGUAGE>
    <TABCLASS>INTTAB</TABCLASS>
    <DDTEXT>SwiftSAP Request JSON data</DDTEXT>
   </DD02V>
   <DD03P_TABLE>
    <DD03P>
     <TABNAME>YBCS_SWS_REQJSON</TABNAME>
     <FIELDNAME>REQUESTID</FIELDNAME>
     <DDLANGUAGE>1</DDLANGUAGE>
     <POSITION>0001</POSITION>
     <ADMINFIELD>0</ADMINFIELD>
     <INTTYPE>g</INTTYPE>
     <INTLEN>000008</INTLEN>
     <DATATYPE>STRG</DATATYPE>
     <MASK>  STRG</MASK>
     <DDTEXT>Request ID</DDTEXT>
    </DD03P>
    <DD03P>
     <TABNAME>YBCS_SWS_REQJSON</TABNAME>
     <FIELDNAME>HEADJSON</FIELDNAME>
     <DDLANGUAGE>1</DDLANGUAGE>
     <POSITION>0002</POSITION>
     <ADMINFIELD>0</ADMINFIELD>
     <INTTYPE>g</INTTYPE>
     <INTLEN>000008</INTLEN>
     <DATATYPE>STRG</DATATYPE>
     <MASK>  STRG</MASK>
     <DDTEXT>Head Data</DDTEXT>
    </DD03P>
    <DD03P>
     <TABNAME>YBCS_SWS_REQJSON</TABNAME>
     <FIELDNAME>ITEMHJSON</FIELDNAME>
     <DDLANGUAGE>1</DDLANGUAGE>
     <POSITION>0003</POSITION>
     <ADMINFIELD>0</ADMINFIELD>
     <INTTYPE>g</INTTYPE>
     <INTLEN>000008</INTLEN>
     <DATATYPE>STRG</DATATYPE>
     <MASK>  STRG</MASK>
     <DDTEXT>Item Head/Column Data</DDTEXT>
    </DD03P>
    <DD03P>
     <TABNAME>YBCS_SWS_REQJSON</TABNAME>
     <FIELDNAME>ITEMRJSON</FIELDNAME>
     <DDLANGUAGE>1</DDLANGUAGE>
     <POSITION>0004</POSITION>
     <ADMINFIELD>0</ADMINFIELD>
     <INTTYPE>g</INTTYPE>
     <INTLEN>000008</INTLEN>
     <DATATYPE>STRG</DATATYPE>
     <MASK>  STRG</MASK>
     <DDTEXT>Item Row Data</DDTEXT>
    </DD03P>
    <DD03P>
     <TABNAME>YBCS_SWS_REQJSON</TABNAME>
     <FIELDNAME>ATTACHJSON</FIELDNAME>
     <DDLANGUAGE>1</DDLANGUAGE>
     <POSITION>0005</POSITION>
     <ADMINFIELD>0</ADMINFIELD>
     <INTTYPE>g</INTTYPE>
     <INTLEN>000008</INTLEN>
     <DATATYPE>STRG</DATATYPE>
     <MASK>  STRG</MASK>
     <DDTEXT>Attachment Data</DDTEXT>
    </DD03P>
    <DD03P>
     <TABNAME>YBCS_SWS_REQJSON</TABNAME>
     <FIELDNAME>ACTIONJSON</FIELDNAME>
     <DDLANGUAGE>1</DDLANGUAGE>
     <POSITION>0006</POSITION>
     <ADMINFIELD>0</ADMINFIELD>
     <INTTYPE>g</INTTYPE>
     <INTLEN>000008</INTLEN>
     <DATATYPE>STRG</DATATYPE>
     <MASK>  STRG</MASK>
     <DDTEXT>Action Data</DDTEXT>
    </DD03P>
   </DD03P_TABLE>
  </asx:values>
 </asx:abap>
</abapGit>
