﻿<?xml version="1.0" encoding="utf-8"?>
<abapGit version="v1.0.0" serializer="LCL_OBJECT_TABL" serializer_version="v1.0.0">
 <asx:abap xmlns:asx="http://www.sap.com/abapxml" version="1.0">
  <asx:values>
   <DD02V>
    <TABNAME>YBCS_SWS_APPROVER</TABNAME>
    <DDLANGUAGE>1</DDLANGUAGE>
    <TABCLASS>INTTAB</TABCLASS>
    <DDTEXT>审批者</DDTEXT>
   </DD02V>
   <DD03P_TABLE>
    <DD03P>
     <TABNAME>YBCS_SWS_APPROVER</TABNAME>
     <FIELDNAME>APPLEVEL</FIELDNAME>
     <POSITION>0001</POSITION>
     <ROLLNAME>YBC_SWS_APPLEVEL</ROLLNAME>
     <ADMINFIELD>0</ADMINFIELD>
     <COMPTYPE>E</COMPTYPE>
    </DD03P>
    <DD03P>
     <TABNAME>YBCS_SWS_APPROVER</TABNAME>
     <FIELDNAME>APPLEVEL_DESC1</FIELDNAME>
     <POSITION>0002</POSITION>
     <ROLLNAME>YBC_SWS_DESCR</ROLLNAME>
     <ADMINFIELD>0</ADMINFIELD>
     <COMPTYPE>E</COMPTYPE>
    </DD03P>
    <DD03P>
     <TABNAME>YBCS_SWS_APPROVER</TABNAME>
     <FIELDNAME>APPLEVEL_DESC2</FIELDNAME>
     <POSITION>0003</POSITION>
     <ROLLNAME>YBC_SWS_DESCR</ROLLNAME>
     <ADMINFIELD>0</ADMINFIELD>
     <COMPTYPE>E</COMPTYPE>
    </DD03P>
    <DD03P>
     <TABNAME>YBCS_SWS_APPROVER</TABNAME>
     <FIELDNAME>APPLEVEL_DESC3</FIELDNAME>
     <POSITION>0004</POSITION>
     <ROLLNAME>YBC_SWS_DESCR</ROLLNAME>
     <ADMINFIELD>0</ADMINFIELD>
     <COMPTYPE>E</COMPTYPE>
    </DD03P>
    <DD03P>
     <TABNAME>YBCS_SWS_APPROVER</TABNAME>
     <FIELDNAME>VERSION</FIELDNAME>
     <POSITION>0005</POSITION>
     <ROLLNAME>VERSION</ROLLNAME>
     <ADMINFIELD>0</ADMINFIELD>
     <COMPTYPE>E</COMPTYPE>
    </DD03P>
    <DD03P>
     <TABNAME>YBCS_SWS_APPROVER</TABNAME>
     <FIELDNAME>USERID</FIELDNAME>
     <POSITION>0006</POSITION>
     <ROLLNAME>YBC_SWS_USERID</ROLLNAME>
     <ADMINFIELD>0</ADMINFIELD>
     <COMPTYPE>E</COMPTYPE>
    </DD03P>
    <DD03P>
     <TABNAME>YBCS_SWS_APPROVER</TABNAME>
     <FIELDNAME>EXTUSID</FIELDNAME>
     <POSITION>0007</POSITION>
     <ROLLNAME>YBC_SWS_EXTUSID</ROLLNAME>
     <ADMINFIELD>0</ADMINFIELD>
     <COMPTYPE>E</COMPTYPE>
    </DD03P>
    <DD03P>
     <TABNAME>YBCS_SWS_APPROVER</TABNAME>
     <FIELDNAME>SAPID</FIELDNAME>
     <POSITION>0008</POSITION>
     <ROLLNAME>YBC_SWS_SAPID</ROLLNAME>
     <ADMINFIELD>0</ADMINFIELD>
     <COMPTYPE>E</COMPTYPE>
    </DD03P>
    <DD03P>
     <TABNAME>YBCS_SWS_APPROVER</TABNAME>
     <FIELDNAME>USERTY</FIELDNAME>
     <POSITION>0009</POSITION>
     <ROLLNAME>YBC_SWS_USERTY</ROLLNAME>
     <ADMINFIELD>0</ADMINFIELD>
     <VALEXI>X</VALEXI>
     <SHLPORIGIN>F</SHLPORIGIN>
     <COMPTYPE>E</COMPTYPE>
    </DD03P>
    <DD03P>
     <TABNAME>YBCS_SWS_APPROVER</TABNAME>
     <FIELDNAME>EMAIL</FIELDNAME>
     <POSITION>0010</POSITION>
     <ROLLNAME>YBC_SWS_EMAIL</ROLLNAME>
     <ADMINFIELD>0</ADMINFIELD>
     <COMPTYPE>E</COMPTYPE>
    </DD03P>
    <DD03P>
     <TABNAME>YBCS_SWS_APPROVER</TABNAME>
     <FIELDNAME>TEL</FIELDNAME>
     <POSITION>0011</POSITION>
     <ROLLNAME>YBC_SWS_TEL</ROLLNAME>
     <ADMINFIELD>0</ADMINFIELD>
     <COMPTYPE>E</COMPTYPE>
    </DD03P>
    <DD03P>
     <TABNAME>YBCS_SWS_APPROVER</TABNAME>
     <FIELDNAME>WECHAT</FIELDNAME>
     <POSITION>0012</POSITION>
     <ROLLNAME>YBC_SWS_WECHAT</ROLLNAME>
     <ADMINFIELD>0</ADMINFIELD>
     <COMPTYPE>E</COMPTYPE>
    </DD03P>
    <DD03P>
     <TABNAME>YBCS_SWS_APPROVER</TABNAME>
     <FIELDNAME>NAME1</FIELDNAME>
     <POSITION>0013</POSITION>
     <ROLLNAME>YBC_SWS_NAME1</ROLLNAME>
     <ADMINFIELD>0</ADMINFIELD>
     <COMPTYPE>E</COMPTYPE>
    </DD03P>
    <DD03P>
     <TABNAME>YBCS_SWS_APPROVER</TABNAME>
     <FIELDNAME>NAME2</FIELDNAME>
     <POSITION>0014</POSITION>
     <ROLLNAME>YBC_SWS_NAME2</ROLLNAME>
     <ADMINFIELD>0</ADMINFIELD>
     <COMPTYPE>E</COMPTYPE>
    </DD03P>
    <DD03P>
     <TABNAME>YBCS_SWS_APPROVER</TABNAME>
     <FIELDNAME>NAME3</FIELDNAME>
     <POSITION>0015</POSITION>
     <ROLLNAME>YBC_SWS_NAME3</ROLLNAME>
     <ADMINFIELD>0</ADMINFIELD>
     <COMPTYPE>E</COMPTYPE>
    </DD03P>
    <DD03P>
     <TABNAME>YBCS_SWS_APPROVER</TABNAME>
     <FIELDNAME>FIELD1</FIELDNAME>
     <POSITION>0016</POSITION>
     <ROLLNAME>YBC_SWS_FIELD1</ROLLNAME>
     <ADMINFIELD>0</ADMINFIELD>
     <COMPTYPE>E</COMPTYPE>
    </DD03P>
    <DD03P>
     <TABNAME>YBCS_SWS_APPROVER</TABNAME>
     <FIELDNAME>FIELD2</FIELDNAME>
     <POSITION>0017</POSITION>
     <ROLLNAME>YBC_SWS_FIELD2</ROLLNAME>
     <ADMINFIELD>0</ADMINFIELD>
     <COMPTYPE>E</COMPTYPE>
    </DD03P>
    <DD03P>
     <TABNAME>YBCS_SWS_APPROVER</TABNAME>
     <FIELDNAME>FIELD3</FIELDNAME>
     <POSITION>0018</POSITION>
     <ROLLNAME>YBC_SWS_FIELD3</ROLLNAME>
     <ADMINFIELD>0</ADMINFIELD>
     <COMPTYPE>E</COMPTYPE>
    </DD03P>
    <DD03P>
     <TABNAME>YBCS_SWS_APPROVER</TABNAME>
     <FIELDNAME>COUNTERSIGN</FIELDNAME>
     <POSITION>0019</POSITION>
     <ROLLNAME>YBC_SWS_COUNTERSIGN</ROLLNAME>
     <ADMINFIELD>0</ADMINFIELD>
     <COMPTYPE>E</COMPTYPE>
    </DD03P>
   </DD03P_TABLE>
  </asx:values>
 </asx:abap>
</abapGit>
