﻿<?xml version="1.0" encoding="utf-8"?>
<abapGit version="v1.0.0" serializer="LCL_OBJECT_TABL" serializer_version="v1.0.0">
 <asx:abap xmlns:asx="http://www.sap.com/abapxml" version="1.0">
  <asx:values>
   <DD02V>
    <TABNAME>YBCS_SWS_HISTORY</TABNAME>
    <DDLANGUAGE>1</DDLANGUAGE>
    <TABCLASS>INTTAB</TABCLASS>
    <DDTEXT>审批历史信息</DDTEXT>
   </DD02V>
   <DD03P_TABLE>
    <DD03P>
     <TABNAME>YBCS_SWS_HISTORY</TABNAME>
     <FIELDNAME>REQUESTID</FIELDNAME>
     <DDLANGUAGE>1</DDLANGUAGE>
     <POSITION>0001</POSITION>
     <ADMINFIELD>0</ADMINFIELD>
     <INTTYPE>g</INTTYPE>
     <INTLEN>000008</INTLEN>
     <DATATYPE>STRG</DATATYPE>
     <MASK>  STRG</MASK>
     <DDTEXT>Request ID</DDTEXT>
    </DD03P>
    <DD03P>
     <TABNAME>YBCS_SWS_HISTORY</TABNAME>
     <FIELDNAME>APPROVER_NAME</FIELDNAME>
     <DDLANGUAGE>1</DDLANGUAGE>
     <POSITION>0002</POSITION>
     <ADMINFIELD>0</ADMINFIELD>
     <INTTYPE>g</INTTYPE>
     <INTLEN>000008</INTLEN>
     <DATATYPE>STRG</DATATYPE>
     <MASK>  STRG</MASK>
     <DDTEXT>Approver Name</DDTEXT>
    </DD03P>
    <DD03P>
     <TABNAME>YBCS_SWS_HISTORY</TABNAME>
     <FIELDNAME>APPLEVEL</FIELDNAME>
     <DDLANGUAGE>1</DDLANGUAGE>
     <POSITION>0003</POSITION>
     <ADMINFIELD>0</ADMINFIELD>
     <INTTYPE>g</INTTYPE>
     <INTLEN>000008</INTLEN>
     <DATATYPE>STRG</DATATYPE>
     <MASK>  STRG</MASK>
     <DDTEXT>Approve Level</DDTEXT>
    </DD03P>
    <DD03P>
     <TABNAME>YBCS_SWS_HISTORY</TABNAME>
     <FIELDNAME>APPLEVEL_DESC1</FIELDNAME>
     <DDLANGUAGE>1</DDLANGUAGE>
     <POSITION>0004</POSITION>
     <ADMINFIELD>0</ADMINFIELD>
     <INTTYPE>g</INTTYPE>
     <INTLEN>000008</INTLEN>
     <DATATYPE>STRG</DATATYPE>
     <MASK>  STRG</MASK>
     <DDTEXT>Approve Level Desc ZH</DDTEXT>
    </DD03P>
    <DD03P>
     <TABNAME>YBCS_SWS_HISTORY</TABNAME>
     <FIELDNAME>APPLEVEL_DESC2</FIELDNAME>
     <DDLANGUAGE>1</DDLANGUAGE>
     <POSITION>0005</POSITION>
     <ADMINFIELD>0</ADMINFIELD>
     <INTTYPE>g</INTTYPE>
     <INTLEN>000008</INTLEN>
     <DATATYPE>STRG</DATATYPE>
     <MASK>  STRG</MASK>
     <DDTEXT>Approve Level Desc EN</DDTEXT>
    </DD03P>
    <DD03P>
     <TABNAME>YBCS_SWS_HISTORY</TABNAME>
     <FIELDNAME>APPLEVEL_DESC3</FIELDNAME>
     <DDLANGUAGE>1</DDLANGUAGE>
     <POSITION>0006</POSITION>
     <ADMINFIELD>0</ADMINFIELD>
     <INTTYPE>g</INTTYPE>
     <INTLEN>000008</INTLEN>
     <DATATYPE>STRG</DATATYPE>
     <MASK>  STRG</MASK>
     <DDTEXT>Approve Level Desc OT</DDTEXT>
    </DD03P>
    <DD03P>
     <TABNAME>YBCS_SWS_HISTORY</TABNAME>
     <FIELDNAME>ACTION</FIELDNAME>
     <DDLANGUAGE>1</DDLANGUAGE>
     <POSITION>0007</POSITION>
     <ADMINFIELD>0</ADMINFIELD>
     <INTTYPE>g</INTTYPE>
     <INTLEN>000008</INTLEN>
     <DATATYPE>STRG</DATATYPE>
     <MASK>  STRG</MASK>
     <DDTEXT>Action</DDTEXT>
    </DD03P>
    <DD03P>
     <TABNAME>YBCS_SWS_HISTORY</TABNAME>
     <FIELDNAME>ACTION_DESC1</FIELDNAME>
     <DDLANGUAGE>1</DDLANGUAGE>
     <POSITION>0008</POSITION>
     <ADMINFIELD>0</ADMINFIELD>
     <INTTYPE>g</INTTYPE>
     <INTLEN>000008</INTLEN>
     <DATATYPE>STRG</DATATYPE>
     <MASK>  STRG</MASK>
     <DDTEXT>Action Desc Zh</DDTEXT>
    </DD03P>
    <DD03P>
     <TABNAME>YBCS_SWS_HISTORY</TABNAME>
     <FIELDNAME>ACTION_DESC2</FIELDNAME>
     <DDLANGUAGE>1</DDLANGUAGE>
     <POSITION>0009</POSITION>
     <ADMINFIELD>0</ADMINFIELD>
     <INTTYPE>g</INTTYPE>
     <INTLEN>000008</INTLEN>
     <DATATYPE>STRG</DATATYPE>
     <MASK>  STRG</MASK>
     <DDTEXT>Action Desc EN</DDTEXT>
    </DD03P>
    <DD03P>
     <TABNAME>YBCS_SWS_HISTORY</TABNAME>
     <FIELDNAME>ACTION_DESC3</FIELDNAME>
     <DDLANGUAGE>1</DDLANGUAGE>
     <POSITION>0010</POSITION>
     <ADMINFIELD>0</ADMINFIELD>
     <INTTYPE>g</INTTYPE>
     <INTLEN>000008</INTLEN>
     <DATATYPE>STRG</DATATYPE>
     <MASK>  STRG</MASK>
     <DDTEXT>Action Desc OT</DDTEXT>
    </DD03P>
    <DD03P>
     <TABNAME>YBCS_SWS_HISTORY</TABNAME>
     <FIELDNAME>COMMENTS</FIELDNAME>
     <DDLANGUAGE>1</DDLANGUAGE>
     <POSITION>0011</POSITION>
     <ADMINFIELD>0</ADMINFIELD>
     <INTTYPE>g</INTTYPE>
     <INTLEN>000008</INTLEN>
     <DATATYPE>STRG</DATATYPE>
     <MASK>  STRG</MASK>
     <DDTEXT>Comments</DDTEXT>
    </DD03P>
    <DD03P>
     <TABNAME>YBCS_SWS_HISTORY</TABNAME>
     <FIELDNAME>RDATETIME</FIELDNAME>
     <DDLANGUAGE>1</DDLANGUAGE>
     <POSITION>0012</POSITION>
     <ADMINFIELD>0</ADMINFIELD>
     <INTTYPE>g</INTTYPE>
     <INTLEN>000008</INTLEN>
     <DATATYPE>STRG</DATATYPE>
     <MASK>  STRG</MASK>
     <DDTEXT>Received Date</DDTEXT>
    </DD03P>
    <DD03P>
     <TABNAME>YBCS_SWS_HISTORY</TABNAME>
     <FIELDNAME>ADATETIME</FIELDNAME>
     <DDLANGUAGE>1</DDLANGUAGE>
     <POSITION>0013</POSITION>
     <ADMINFIELD>0</ADMINFIELD>
     <INTTYPE>g</INTTYPE>
     <INTLEN>000008</INTLEN>
     <DATATYPE>STRG</DATATYPE>
     <MASK>  STRG</MASK>
     <DDTEXT>Approve Date</DDTEXT>
    </DD03P>
    <DD03P>
     <TABNAME>YBCS_SWS_HISTORY</TABNAME>
     <FIELDNAME>PROCESSED</FIELDNAME>
     <DDLANGUAGE>1</DDLANGUAGE>
     <POSITION>0014</POSITION>
     <ADMINFIELD>0</ADMINFIELD>
     <INTTYPE>g</INTTYPE>
     <INTLEN>000008</INTLEN>
     <DATATYPE>STRG</DATATYPE>
     <MASK>  STRG</MASK>
     <DDTEXT>Has Processed</DDTEXT>
    </DD03P>
    <DD03P>
     <TABNAME>YBCS_SWS_HISTORY</TABNAME>
     <FIELDNAME>ACTUALPROCESSED</FIELDNAME>
     <DDLANGUAGE>1</DDLANGUAGE>
     <POSITION>0015</POSITION>
     <ADMINFIELD>0</ADMINFIELD>
     <INTTYPE>g</INTTYPE>
     <INTLEN>000008</INTLEN>
     <DATATYPE>STRG</DATATYPE>
     <MASK>  STRG</MASK>
     <DDTEXT>Actual Processed</DDTEXT>
    </DD03P>
    <DD03P>
     <TABNAME>YBCS_SWS_HISTORY</TABNAME>
     <FIELDNAME>COUNTERSIGN</FIELDNAME>
     <POSITION>0016</POSITION>
     <ROLLNAME>YBC_SWS_COUNTERSIGN</ROLLNAME>
     <ADMINFIELD>0</ADMINFIELD>
     <COMPTYPE>E</COMPTYPE>
    </DD03P>
    <DD03P>
     <TABNAME>YBCS_SWS_HISTORY</TABNAME>
     <FIELDNAME>CANCELED</FIELDNAME>
     <DDLANGUAGE>1</DDLANGUAGE>
     <POSITION>0017</POSITION>
     <ADMINFIELD>0</ADMINFIELD>
     <INTTYPE>g</INTTYPE>
     <INTLEN>000008</INTLEN>
     <DATATYPE>STRG</DATATYPE>
     <MASK>  STRG</MASK>
     <DDTEXT>Canceled</DDTEXT>
    </DD03P>
   </DD03P_TABLE>
  </asx:values>
 </asx:abap>
</abapGit>
