﻿<?xml version="1.0" encoding="utf-8"?>
<abapGit version="v1.0.0" serializer="LCL_OBJECT_TABL" serializer_version="v1.0.0">
 <asx:abap xmlns:asx="http://www.sap.com/abapxml" version="1.0">
  <asx:values>
   <DD02V>
    <TABNAME>YBCS_SWS_CND_COMP</TABNAME>
    <DDLANGUAGE>1</DDLANGUAGE>
    <TABCLASS>INTTAB</TABCLASS>
    <DDTEXT>Where条件组件</DDTEXT>
   </DD02V>
   <DD03P_TABLE>
    <DD03P>
     <TABNAME>YBCS_SWS_CND_COMP</TABNAME>
     <FIELDNAME>FIELD</FIELDNAME>
     <POSITION>0001</POSITION>
     <ROLLNAME>TEXT40</ROLLNAME>
     <ADMINFIELD>0</ADMINFIELD>
     <COMPTYPE>E</COMPTYPE>
    </DD03P>
    <DD03P>
     <TABNAME>YBCS_SWS_CND_COMP</TABNAME>
     <FIELDNAME>NAME</FIELDNAME>
     <POSITION>0002</POSITION>
     <ROLLNAME>TEXT40</ROLLNAME>
     <ADMINFIELD>0</ADMINFIELD>
     <COMPTYPE>E</COMPTYPE>
    </DD03P>
    <DD03P>
     <TABNAME>YBCS_SWS_CND_COMP</TABNAME>
     <FIELDNAME>CNDS</FIELDNAME>
     <POSITION>0003</POSITION>
     <ROLLNAME>CHAR1024</ROLLNAME>
     <ADMINFIELD>0</ADMINFIELD>
     <COMPTYPE>E</COMPTYPE>
    </DD03P>
    <DD03P>
     <TABNAME>YBCS_SWS_CND_COMP</TABNAME>
     <FIELDNAME>ANDOR</FIELDNAME>
     <POSITION>0004</POSITION>
     <ROLLNAME>YBC_SWS_ANDOR</ROLLNAME>
     <ADMINFIELD>0</ADMINFIELD>
     <VALEXI>X</VALEXI>
     <SHLPORIGIN>F</SHLPORIGIN>
     <COMPTYPE>E</COMPTYPE>
    </DD03P>
   </DD03P_TABLE>
  </asx:values>
 </asx:abap>
</abapGit>
