﻿<?xml version="1.0" encoding="utf-8"?>
<abapGit version="v1.0.0" serializer="LCL_OBJECT_ENHO" serializer_version="v1.0.0">
 <asx:abap xmlns:asx="http://www.sap.com/abapxml" version="1.0">
  <asx:values>
   <TOOL>HOOK_IMPL</TOOL>
   <SHORTTEXT>SwiftSAP Enhance</SHORTTEXT>
   <ORIGINAL_OBJECT>
    <PGMID>R3TR</PGMID>
    <ORG_OBJ_TYPE>PROG</ORG_OBJ_TYPE>
    <ORG_OBJ_NAME>SAPMV45A</ORG_OBJ_NAME>
    <ORG_MAIN_TYPE>PROG</ORG_MAIN_TYPE>
    <ORG_MAIN_NAME>SAPMV45A</ORG_MAIN_NAME>
    <PROGRAMNAME>SAPMV45A</PROGRAMNAME>
   </ORIGINAL_OBJECT>
   <ENHANCEMENTS>
    <ENH_HOOK_IMPL>
     <PROGRAMNAME>SAPMV45A</PROGRAMNAME>
     <ENHMODE>S</ENHMODE>
     <FULL_NAME>\PR:SAPMV45A\FO:USEREXIT_SAVE_DOCUMENT\SE:BEGIN\EI</FULL_NAME>
     <SOURCE>
      <item/>
      <item>IF sy-UNAME = &apos;SAP816&apos;.</item>
      <item>  INCLUDE YBC_SWS_ENHANCE_SO_SEND if FOUND.</item>
      <item>ENDIF.</item>
      <item/>
     </SOURCE>
    </ENH_HOOK_IMPL>
   </ENHANCEMENTS>
   <SOTR>
    <item>
     <HEADER>
      <CONCEPT>7446A0A1157D1EEB99C040AD2B6854CD</CONCEPT>
      <CREA_LAN>1</CREA_LAN>
      <TRALA_TYPE>1</TRALA_TYPE>
      <OBJID_VEC>AAI=</OBJID_VEC>
     </HEADER>
     <ENTRIES>
      <SOTR_TEXT>
       <CONCEPT>7446A0A1157D1EEB99C040AD2B6854CD</CONCEPT>
       <LANGU>1</LANGU>
       <LFD_NUM>0001</LFD_NUM>
       <FLAG_CNTXT>X</FLAG_CNTXT>
       <STATUS>R</STATUS>
       <LENGTH>026</LENGTH>
       <TEXT>SwiftSAP Enhance</TEXT>
      </SOTR_TEXT>
     </ENTRIES>
    </item>
   </SOTR>
   <SOTR_USE>
    <SOTR_USE>
     <PGMID>R3TR</PGMID>
     <OBJECT>ENHO</OBJECT>
     <OBJ_NAME>YBC_SWS_ENHANCE</OBJ_NAME>
     <CONCEPT>7446A0A1157D1EEB99C040AD2B6854CD</CONCEPT>
     <LFD_NUM>0001</LFD_NUM>
    </SOTR_USE>
   </SOTR_USE>
  </asx:values>
 </asx:abap>
</abapGit>
