﻿<?xml version="1.0" encoding="utf-8"?>
<abapGit version="v1.0.0" serializer="LCL_OBJECT_FUGR" serializer_version="v1.0.0">
 <asx:abap xmlns:asx="http://www.sap.com/abapxml" version="1.0">
  <asx:values>
   <AREAT>Samples</AREAT>
   <INCLUDES>
    <SOBJ_NAME>LYBC_SWS_SAMPLEF01</SOBJ_NAME>
    <SOBJ_NAME>LYBC_SWS_SAMPLETOP</SOBJ_NAME>
    <SOBJ_NAME>SAPLYBC_SWS_SAMPLE</SOBJ_NAME>
   </INCLUDES>
   <FUNCTIONS>
    <item>
     <FUNCNAME>YBC_SWS_GET_SO_PDF</FUNCNAME>
     <SHORT_TEXT>Get SO Output PDF</SHORT_TEXT>
     <IMPORT>
      <RSIMP>
       <PARAMETER>IV_VBELN</PARAMETER>
       <TYP>VBELN</TYP>
      </RSIMP>
      <RSIMP>
       <PARAMETER>IV_KUNNR</PARAMETER>
       <OPTIONAL>X</OPTIONAL>
       <TYP>KUNNR</TYP>
      </RSIMP>
     </IMPORT>
     <EXPORT>
      <RSEXP>
       <PARAMETER>EV_FILENAME</PARAMETER>
       <TYP>SKWF_FILNM</TYP>
      </RSEXP>
      <RSEXP>
       <PARAMETER>EV_FILESIZE</PARAMETER>
       <TYP>FILESIZE</TYP>
      </RSEXP>
      <RSEXP>
       <PARAMETER>EV_CONTENT</PARAMETER>
       <TYP>XSTRINGVAL</TYP>
      </RSEXP>
     </EXPORT>
     <DOCUMENTATION>
      <RSFDO>
       <PARAMETER>IV_VBELN</PARAMETER>
       <KIND>P</KIND>
       <STEXT>Sales and Distribution Document Number</STEXT>
      </RSFDO>
      <RSFDO>
       <PARAMETER>IV_KUNNR</PARAMETER>
       <KIND>P</KIND>
       <STEXT>Customer Number</STEXT>
      </RSFDO>
      <RSFDO>
       <PARAMETER>EV_FILENAME</PARAMETER>
       <KIND>P</KIND>
       <STEXT>File Name</STEXT>
      </RSFDO>
      <RSFDO>
       <PARAMETER>EV_FILESIZE</PARAMETER>
       <KIND>P</KIND>
       <STEXT>Length of a file in bytes</STEXT>
      </RSFDO>
      <RSFDO>
       <PARAMETER>EV_CONTENT</PARAMETER>
       <KIND>P</KIND>
       <STEXT>string</STEXT>
      </RSFDO>
     </DOCUMENTATION>
    </item>
   </FUNCTIONS>
  </asx:values>
 </asx:abap>
</abapGit>
