﻿<?xml version="1.0" encoding="utf-8"?>
<abapGit version="v1.0.0" serializer="LCL_OBJECT_ENHO" serializer_version="v1.0.0">
 <asx:abap xmlns:asx="http://www.sap.com/abapxml" version="1.0">
  <asx:values>
   <TOOL>BADI_IMPL</TOOL>
   <SHORTTEXT>发送PO到移动端SwiftSAP审批</SHORTTEXT>
   <SPOT_NAME>ME_PROCESS_PO_CUST</SPOT_NAME>
   <IMPL>
    <ENH_BADI_IMPL_DATA>
     <SPOT_NAME>ME_PROCESS_PO_CUST</SPOT_NAME>
     <BADI_NAME>ME_PROCESS_PO_CUST</BADI_NAME>
     <IMPL_NAME>YME_PROCESS_PO_CUST_SWS</IMPL_NAME>
     <IMPL_CLASS>YCL_ME_PROCESS_PO_CUST_SWS</IMPL_CLASS>
     <ACTIVE>X</ACTIVE>
     <IMPL_SHORTTEXT>发送PO到移动端SwiftSAP审批</IMPL_SHORTTEXT>
     <IMPL_SHORTTEXT_ID>7446A0A1157D1EDBA799A64D2B6022D4</IMPL_SHORTTEXT_ID>
    </ENH_BADI_IMPL_DATA>
   </IMPL>
   <SOTR>
    <item>
     <HEADER>
      <CONCEPT>7446A0A1157D1EDBA79999687B6662CF</CONCEPT>
      <CREA_LAN>1</CREA_LAN>
      <TRALA_TYPE>1</TRALA_TYPE>
      <OBJID_VEC>AAI=</OBJID_VEC>
     </HEADER>
     <ENTRIES>
      <SOTR_TEXT>
       <CONCEPT>7446A0A1157D1EDBA79999687B6662CF</CONCEPT>
       <LANGU>1</LANGU>
       <LFD_NUM>0001</LFD_NUM>
       <FLAG_CNTXT>X</FLAG_CNTXT>
       <STATUS>R</STATUS>
       <LENGTH>028</LENGTH>
       <TEXT>发送PO到移动端SwiftSAP审批</TEXT>
      </SOTR_TEXT>
     </ENTRIES>
    </item>
    <item>
     <HEADER>
      <CONCEPT>7446A0A1157D1EDBA799A64D2B6022D4</CONCEPT>
      <CREA_LAN>1</CREA_LAN>
      <TRALA_TYPE>1</TRALA_TYPE>
      <OBJID_VEC>AAI=</OBJID_VEC>
     </HEADER>
     <ENTRIES>
      <SOTR_TEXT>
       <CONCEPT>7446A0A1157D1EDBA799A64D2B6022D4</CONCEPT>
       <LANGU>1</LANGU>
       <LFD_NUM>0001</LFD_NUM>
       <FLAG_CNTXT>X</FLAG_CNTXT>
       <STATUS>R</STATUS>
       <LENGTH>028</LENGTH>
       <TEXT>发送PO到移动端SwiftSAP审批</TEXT>
      </SOTR_TEXT>
     </ENTRIES>
    </item>
   </SOTR>
   <SOTR_USE>
    <SOTR_USE>
     <PGMID>R3TR</PGMID>
     <OBJECT>ENHO</OBJECT>
     <OBJ_NAME>YME_PROCESS_PO_CUST_SWS</OBJ_NAME>
     <CONCEPT>7446A0A1157D1EDBA79999687B6662CF</CONCEPT>
     <LFD_NUM>0001</LFD_NUM>
    </SOTR_USE>
    <SOTR_USE>
     <PGMID>R3TR</PGMID>
     <OBJECT>ENHO</OBJECT>
     <OBJ_NAME>YME_PROCESS_PO_CUST_SWS</OBJ_NAME>
     <CONCEPT>7446A0A1157D1EDBA799A64D2B6022D4</CONCEPT>
     <LFD_NUM>0001</LFD_NUM>
    </SOTR_USE>
   </SOTR_USE>
  </asx:values>
 </asx:abap>
</abapGit>
