﻿<?xml version="1.0" encoding="utf-8"?>
<abapGit version="v1.0.0" serializer="LCL_OBJECT_SSST" serializer_version="v1.0.0">
 <asx:abap xmlns:asx="http://www.sap.com/abapxml" version="1.0">
  <asx:values>
   <HEADER>
    <STYLENAME>ZFSD_SDOC_FORM02_BOLD</STYLENAME>
    <MASTERLANG>E</MASTERLANG>
    <LANGU>E</LANGU>
    <CAPTION>Style ZS_SD_SDOC_FORM01_BOLD</CAPTION>
    <V_CAPTION>Style ZS_SD_SDOC_FORM01_BOLD</V_CAPTION>
    <TDFIRSTPAR>B</TDFIRSTPAR>
    <CPI>10.0</CPI>
    <LPI>6.0</LPI>
    <TDTABDIST>1.0</TDTABDIST>
    <TDTABDISTU>CM</TDTABDISTU>
    <ACTIVE>A</ACTIVE>
    <TDFAMILY>DBMINCHO</TDFAMILY>
    <TDHEIGHT>090</TDHEIGHT>
    <TDBOLD>X</TDBOLD>
   </HEADER>
   <SSFPARAS>
    <SSFPARAS>
     <ACTIVE>A</ACTIVE>
     <STYLENAME>ZFSD_SDOC_FORM02_BOLD</STYLENAME>
     <TDPARGRAPH>B</TDPARGRAPH>
     <TDPJUSTIFY>LEFT</TDPJUSTIFY>
     <TDPLDIST>1.0</TDPLDIST>
     <TDPLDISTU>LN</TDPLDISTU>
     <TDPTOPU>CM</TDPTOPU>
     <TDPBOTU>CM</TDPBOTU>
     <TDPLEFTU>CM</TDPLEFTU>
     <TDPRIGHTU>CM</TDPRIGHTU>
     <TDPENTRYU>CM</TDPENTRYU>
     <TDNUMLEFTU>CM</TDNUMLEFTU>
     <TDFAMILY>DBMINCHO</TDFAMILY>
     <TDBOLD>X</TDBOLD>
     <TDITALIC>*</TDITALIC>
     <TDUNDERLIN>*</TDUNDERLIN>
     <LANGU>E</LANGU>
     <CAPTION>Bold</CAPTION>
    </SSFPARAS>
   </SSFPARAS>
  </asx:values>
 </asx:abap>
</abapGit>
