﻿<?xml version="1.0" encoding="utf-8"?>
<abapGit version="v1.0.0" serializer="LCL_OBJECT_TABL" serializer_version="v1.0.0">
 <asx:abap xmlns:asx="http://www.sap.com/abapxml" version="1.0">
  <asx:values>
   <DD02V>
    <TABNAME>ZSDS_SO_YA00_HEADER</TABNAME>
    <DDLANGUAGE>E</DDLANGUAGE>
    <TABCLASS>INTTAB</TABCLASS>
    <DDTEXT>Output Type YA00 Use Header Structure</DDTEXT>
   </DD02V>
   <DD03P_TABLE>
    <DD03P>
     <TABNAME>ZSDS_SO_YA00_HEADER</TABNAME>
     <FIELDNAME>VBELN</FIELDNAME>
     <POSITION>0001</POSITION>
     <ROLLNAME>VBELN</ROLLNAME>
     <ADMINFIELD>0</ADMINFIELD>
     <COMPTYPE>E</COMPTYPE>
    </DD03P>
    <DD03P>
     <TABNAME>ZSDS_SO_YA00_HEADER</TABNAME>
     <FIELDNAME>AUART</FIELDNAME>
     <POSITION>0002</POSITION>
     <ROLLNAME>AUART</ROLLNAME>
     <ADMINFIELD>0</ADMINFIELD>
     <COMPTYPE>E</COMPTYPE>
    </DD03P>
    <DD03P>
     <TABNAME>ZSDS_SO_YA00_HEADER</TABNAME>
     <FIELDNAME>AUART_DESC</FIELDNAME>
     <POSITION>0003</POSITION>
     <ROLLNAME>TVAKT_BEZEI</ROLLNAME>
     <ADMINFIELD>0</ADMINFIELD>
     <COMPTYPE>E</COMPTYPE>
    </DD03P>
    <DD03P>
     <TABNAME>ZSDS_SO_YA00_HEADER</TABNAME>
     <FIELDNAME>ERDAT</FIELDNAME>
     <POSITION>0004</POSITION>
     <ROLLNAME>ERDAT</ROLLNAME>
     <ADMINFIELD>0</ADMINFIELD>
     <SHLPORIGIN>T</SHLPORIGIN>
     <COMPTYPE>E</COMPTYPE>
    </DD03P>
    <DD03P>
     <TABNAME>ZSDS_SO_YA00_HEADER</TABNAME>
     <FIELDNAME>BSTKD</FIELDNAME>
     <POSITION>0005</POSITION>
     <ROLLNAME>BSTKD</ROLLNAME>
     <ADMINFIELD>0</ADMINFIELD>
     <COMPTYPE>E</COMPTYPE>
    </DD03P>
    <DD03P>
     <TABNAME>ZSDS_SO_YA00_HEADER</TABNAME>
     <FIELDNAME>SOLDTO</FIELDNAME>
     <POSITION>0006</POSITION>
     <ROLLNAME>KUNNR</ROLLNAME>
     <ADMINFIELD>0</ADMINFIELD>
     <SHLPORIGIN>D</SHLPORIGIN>
     <COMPTYPE>E</COMPTYPE>
    </DD03P>
    <DD03P>
     <TABNAME>ZSDS_SO_YA00_HEADER</TABNAME>
     <FIELDNAME>SOLDTO_NAME</FIELDNAME>
     <POSITION>0007</POSITION>
     <ROLLNAME>TEXT256</ROLLNAME>
     <ADMINFIELD>0</ADMINFIELD>
     <COMPTYPE>E</COMPTYPE>
    </DD03P>
    <DD03P>
     <TABNAME>ZSDS_SO_YA00_HEADER</TABNAME>
     <FIELDNAME>SOLDTO_STREET</FIELDNAME>
     <POSITION>0008</POSITION>
     <ROLLNAME>TEXT256</ROLLNAME>
     <ADMINFIELD>0</ADMINFIELD>
     <COMPTYPE>E</COMPTYPE>
    </DD03P>
    <DD03P>
     <TABNAME>ZSDS_SO_YA00_HEADER</TABNAME>
     <FIELDNAME>SOLDTO_COUNTRY</FIELDNAME>
     <POSITION>0009</POSITION>
     <ROLLNAME>TEXT20</ROLLNAME>
     <ADMINFIELD>0</ADMINFIELD>
     <COMPTYPE>E</COMPTYPE>
    </DD03P>
    <DD03P>
     <TABNAME>ZSDS_SO_YA00_HEADER</TABNAME>
     <FIELDNAME>SHIPTO</FIELDNAME>
     <POSITION>0010</POSITION>
     <ROLLNAME>KUNNR</ROLLNAME>
     <ADMINFIELD>0</ADMINFIELD>
     <SHLPORIGIN>D</SHLPORIGIN>
     <COMPTYPE>E</COMPTYPE>
    </DD03P>
    <DD03P>
     <TABNAME>ZSDS_SO_YA00_HEADER</TABNAME>
     <FIELDNAME>SHIPTO_NAME</FIELDNAME>
     <POSITION>0011</POSITION>
     <ROLLNAME>TEXT256</ROLLNAME>
     <ADMINFIELD>0</ADMINFIELD>
     <COMPTYPE>E</COMPTYPE>
    </DD03P>
    <DD03P>
     <TABNAME>ZSDS_SO_YA00_HEADER</TABNAME>
     <FIELDNAME>SHIPTO_STREET</FIELDNAME>
     <POSITION>0012</POSITION>
     <ROLLNAME>TEXT256</ROLLNAME>
     <ADMINFIELD>0</ADMINFIELD>
     <COMPTYPE>E</COMPTYPE>
    </DD03P>
    <DD03P>
     <TABNAME>ZSDS_SO_YA00_HEADER</TABNAME>
     <FIELDNAME>SHIPTO_COUNTRY</FIELDNAME>
     <POSITION>0013</POSITION>
     <ROLLNAME>TEXT20</ROLLNAME>
     <ADMINFIELD>0</ADMINFIELD>
     <COMPTYPE>E</COMPTYPE>
    </DD03P>
    <DD03P>
     <TABNAME>ZSDS_SO_YA00_HEADER</TABNAME>
     <FIELDNAME>ZTERM</FIELDNAME>
     <POSITION>0014</POSITION>
     <ROLLNAME>DZTERM</ROLLNAME>
     <ADMINFIELD>0</ADMINFIELD>
     <COMPTYPE>E</COMPTYPE>
    </DD03P>
    <DD03P>
     <TABNAME>ZSDS_SO_YA00_HEADER</TABNAME>
     <FIELDNAME>ZTERM_DESC</FIELDNAME>
     <POSITION>0015</POSITION>
     <ROLLNAME>DZTERM_BEZ</ROLLNAME>
     <ADMINFIELD>0</ADMINFIELD>
     <COMPTYPE>E</COMPTYPE>
    </DD03P>
    <DD03P>
     <TABNAME>ZSDS_SO_YA00_HEADER</TABNAME>
     <FIELDNAME>INCO1</FIELDNAME>
     <POSITION>0016</POSITION>
     <ROLLNAME>INCO1</ROLLNAME>
     <ADMINFIELD>0</ADMINFIELD>
     <COMPTYPE>E</COMPTYPE>
    </DD03P>
    <DD03P>
     <TABNAME>ZSDS_SO_YA00_HEADER</TABNAME>
     <FIELDNAME>INCO1_DESC</FIELDNAME>
     <POSITION>0017</POSITION>
     <ROLLNAME>BEZEI30</ROLLNAME>
     <ADMINFIELD>0</ADMINFIELD>
     <COMPTYPE>E</COMPTYPE>
    </DD03P>
    <DD03P>
     <TABNAME>ZSDS_SO_YA00_HEADER</TABNAME>
     <FIELDNAME>AUGRU</FIELDNAME>
     <POSITION>0018</POSITION>
     <ROLLNAME>AUGRU</ROLLNAME>
     <ADMINFIELD>0</ADMINFIELD>
     <COMPTYPE>E</COMPTYPE>
    </DD03P>
    <DD03P>
     <TABNAME>ZSDS_SO_YA00_HEADER</TABNAME>
     <FIELDNAME>AUGRU_DESC</FIELDNAME>
     <POSITION>0019</POSITION>
     <ROLLNAME>BEZEI40</ROLLNAME>
     <ADMINFIELD>0</ADMINFIELD>
     <COMPTYPE>E</COMPTYPE>
    </DD03P>
    <DD03P>
     <TABNAME>ZSDS_SO_YA00_HEADER</TABNAME>
     <FIELDNAME>SHIPWAY</FIELDNAME>
     <POSITION>0020</POSITION>
     <ROLLNAME>BEZEI20</ROLLNAME>
     <ADMINFIELD>0</ADMINFIELD>
     <COMPTYPE>E</COMPTYPE>
    </DD03P>
    <DD03P>
     <TABNAME>ZSDS_SO_YA00_HEADER</TABNAME>
     <FIELDNAME>NETWR</FIELDNAME>
     <POSITION>0021</POSITION>
     <ROLLNAME>NETWR_AK</ROLLNAME>
     <ADMINFIELD>0</ADMINFIELD>
     <REFTABLE>ZSDS_SO_YA00_HEADER</REFTABLE>
     <REFFIELD>WAERK</REFFIELD>
     <COMPTYPE>E</COMPTYPE>
    </DD03P>
    <DD03P>
     <TABNAME>ZSDS_SO_YA00_HEADER</TABNAME>
     <FIELDNAME>WAERK</FIELDNAME>
     <POSITION>0022</POSITION>
     <ROLLNAME>WAERK</ROLLNAME>
     <ADMINFIELD>0</ADMINFIELD>
     <COMPTYPE>E</COMPTYPE>
    </DD03P>
    <DD03P>
     <TABNAME>ZSDS_SO_YA00_HEADER</TABNAME>
     <FIELDNAME>HEADER_NOTE</FIELDNAME>
     <POSITION>0023</POSITION>
     <ROLLNAME>TEXT256</ROLLNAME>
     <ADMINFIELD>0</ADMINFIELD>
     <COMPTYPE>E</COMPTYPE>
    </DD03P>
    <DD03P>
     <TABNAME>ZSDS_SO_YA00_HEADER</TABNAME>
     <FIELDNAME>SALES_PERSON</FIELDNAME>
     <POSITION>0024</POSITION>
     <ROLLNAME>TEXT20</ROLLNAME>
     <ADMINFIELD>0</ADMINFIELD>
     <COMPTYPE>E</COMPTYPE>
    </DD03P>
   </DD03P_TABLE>
  </asx:values>
 </asx:abap>
</abapGit>
