﻿<?xml version="1.0" encoding="utf-8"?>
<abapGit version="v1.0.0" serializer="LCL_OBJECT_TABL" serializer_version="v1.0.0">
 <asx:abap xmlns:asx="http://www.sap.com/abapxml" version="1.0">
  <asx:values>
   <DD02V>
    <TABNAME>ZSDS_SO_YA00_ITEM</TABNAME>
    <DDLANGUAGE>E</DDLANGUAGE>
    <TABCLASS>INTTAB</TABCLASS>
    <DDTEXT>Output Type YA00 Use Item Structure</DDTEXT>
   </DD02V>
   <DD03P_TABLE>
    <DD03P>
     <TABNAME>ZSDS_SO_YA00_ITEM</TABNAME>
     <FIELDNAME>POSNR</FIELDNAME>
     <POSITION>0001</POSITION>
     <ROLLNAME>POSNR</ROLLNAME>
     <ADMINFIELD>0</ADMINFIELD>
     <COMPTYPE>E</COMPTYPE>
    </DD03P>
    <DD03P>
     <TABNAME>ZSDS_SO_YA00_ITEM</TABNAME>
     <FIELDNAME>MATNR</FIELDNAME>
     <POSITION>0002</POSITION>
     <ROLLNAME>MATNR</ROLLNAME>
     <ADMINFIELD>0</ADMINFIELD>
     <SHLPORIGIN>D</SHLPORIGIN>
     <COMPTYPE>E</COMPTYPE>
    </DD03P>
    <DD03P>
     <TABNAME>ZSDS_SO_YA00_ITEM</TABNAME>
     <FIELDNAME>ARKTX</FIELDNAME>
     <POSITION>0003</POSITION>
     <ROLLNAME>ARKTX</ROLLNAME>
     <ADMINFIELD>0</ADMINFIELD>
     <COMPTYPE>E</COMPTYPE>
    </DD03P>
    <DD03P>
     <TABNAME>ZSDS_SO_YA00_ITEM</TABNAME>
     <FIELDNAME>KDMAT</FIELDNAME>
     <POSITION>0004</POSITION>
     <ROLLNAME>KDMAT</ROLLNAME>
     <ADMINFIELD>0</ADMINFIELD>
     <COMPTYPE>E</COMPTYPE>
    </DD03P>
    <DD03P>
     <TABNAME>ZSDS_SO_YA00_ITEM</TABNAME>
     <FIELDNAME>VRKME</FIELDNAME>
     <POSITION>0005</POSITION>
     <ROLLNAME>VRKME</ROLLNAME>
     <ADMINFIELD>0</ADMINFIELD>
     <COMPTYPE>E</COMPTYPE>
    </DD03P>
    <DD03P>
     <TABNAME>ZSDS_SO_YA00_ITEM</TABNAME>
     <FIELDNAME>KWMENG</FIELDNAME>
     <POSITION>0006</POSITION>
     <ROLLNAME>KWMENG</ROLLNAME>
     <ADMINFIELD>0</ADMINFIELD>
     <REFTABLE>ZSDS_SO_YA00_ITEM</REFTABLE>
     <REFFIELD>VRKME</REFFIELD>
     <COMPTYPE>E</COMPTYPE>
    </DD03P>
    <DD03P>
     <TABNAME>ZSDS_SO_YA00_ITEM</TABNAME>
     <FIELDNAME>NETPR</FIELDNAME>
     <POSITION>0007</POSITION>
     <ROLLNAME>ZNETPR</ROLLNAME>
     <ADMINFIELD>0</ADMINFIELD>
     <COMPTYPE>E</COMPTYPE>
    </DD03P>
    <DD03P>
     <TABNAME>ZSDS_SO_YA00_ITEM</TABNAME>
     <FIELDNAME>NETWR</FIELDNAME>
     <POSITION>0008</POSITION>
     <ROLLNAME>NETWR</ROLLNAME>
     <ADMINFIELD>0</ADMINFIELD>
     <REFTABLE>ZSDS_SO_YA00_ITEM</REFTABLE>
     <REFFIELD>WAERK</REFFIELD>
     <COMPTYPE>E</COMPTYPE>
    </DD03P>
    <DD03P>
     <TABNAME>ZSDS_SO_YA00_ITEM</TABNAME>
     <FIELDNAME>EDATU</FIELDNAME>
     <POSITION>0009</POSITION>
     <ROLLNAME>EDATU</ROLLNAME>
     <ADMINFIELD>0</ADMINFIELD>
     <SHLPORIGIN>T</SHLPORIGIN>
     <COMPTYPE>E</COMPTYPE>
    </DD03P>
    <DD03P>
     <TABNAME>ZSDS_SO_YA00_ITEM</TABNAME>
     <FIELDNAME>WERKS</FIELDNAME>
     <POSITION>0010</POSITION>
     <ROLLNAME>WERKS_D</ROLLNAME>
     <ADMINFIELD>0</ADMINFIELD>
     <SHLPORIGIN>D</SHLPORIGIN>
     <COMPTYPE>E</COMPTYPE>
    </DD03P>
    <DD03P>
     <TABNAME>ZSDS_SO_YA00_ITEM</TABNAME>
     <FIELDNAME>WAERK</FIELDNAME>
     <POSITION>0011</POSITION>
     <ROLLNAME>WAERK</ROLLNAME>
     <ADMINFIELD>0</ADMINFIELD>
     <COMPTYPE>E</COMPTYPE>
    </DD03P>
   </DD03P_TABLE>
  </asx:values>
 </asx:abap>
</abapGit>
